nama_makanan,label,energi_kkal,protein_g,lemak_g,karbohidrat_g
Abon,Lauk Pauk,280,9.2,28.4,0.0
Abon haruwan,Lauk Pauk,513,23.7,37.0,21.3
Agar-agar,Lauk Pauk,0,0.0,0.2,0.0
Akar tonjong segar,Lauk Pauk,45,1.1,0.4,10.8
Aletoge segar,Sayur Mayur,37,4.4,0.5,3.8
Alpukat segar,Lauk Pauk,85,0.9,6.5,7.7
Ampas kacang hijau,Lauk Pauk,96,3.7,0.6,19.1
Ampas Tahu,Lauk Pauk,414,26.6,18.3,41.3
Ampas tahu kukus,Lauk Pauk,75,4.1,2.1,10.7
Ampas tahu mentah,Lauk Pauk,67,5.0,2.1,8.1
Anak sapi daging gemuk segar,Lauk Pauk,184,18.8,14.0,0.0
Anak sapi daging kurus segar,Lauk Pauk,174,19.6,10.0,0.0
Anak sapi daging sedang segar,Lauk Pauk,190,19.1,12.0,0.0
Andaliman segar,Lauk Pauk,99,4.6,1.0,18.0
Andewi,Lauk Pauk,25,1.6,0.2,5.3
Anggur hutan segar,Buah,30,0.5,0.2,6.8
Angsa,Lauk Pauk,354,16.4,31.5,0.0
Anyang sayur,Sayur Mayur,126,3.4,7.9,10.3
Apel,Buah,58,0.3,0.4,14.9
Apel malang segar,Buah,57,0.5,0.4,12.8
Arbei,Lauk Pauk,37,0.8,0.5,8.3
Ares sayur,Sayur Mayur,113,0.9,7.2,11.2
Arrowroot segar,Lauk Pauk,102,1.0,0.2,24.1
Arwan sirsir,Lauk Pauk,277,2.4,25.0,10.7
Asam kandis segar,Lauk Pauk,75,0.2,1.1,16.1
Asam masak di pohon,Lauk Pauk,239,2.8,0.6,62.5
Asam payak segar,Lauk Pauk,135,0.8,0.4,32.1
Asan kandis kering,Lauk Pauk,261,0.9,1.6,63.3
Asinan Bogor sayuran,Sayur Mayur,98,3.9,2.6,14.8
Ayam,Lauk Pauk,302,18.2,25.0,0.0
Ayam  goreng Kentuckysayap,Lauk Pauk,297,35.9,15.2,1.6
Ayam ampela goreng,Lauk Pauk,270,32.3,11.2,9.9
Ayam dideh/darah segar,Lauk Pauk,75,13.8,1.9,0.7
Ayam goreng church texa sayap,Lauk Pauk,295,34.0,16.0,1.5
Ayam goreng church texas dada,Lauk Pauk,338,35.2,20.6,0.4
Ayam goreng kalasan paha,Lauk Pauk,275,37.4,12.2,1.3
Ayam goreng kentucky dada,Lauk Pauk,298,34.2,16.8,0.1
Ayam goreng Kentucky paha,Lauk Pauk,286,32.1,16.1,1.1
Ayam goreng mbok berek dada,Lauk Pauk,295,39.2,13.6,1.0
Ayam goreng paha,Lauk Pauk,287,31.0,15.7,1.7
Ayam goreng pasundan dada,Lauk Pauk,246,37.9,9.0,0.7
Ayam goreng pasundan paha,Lauk Pauk,245,33.1,11.4,0.3
Ayam goreng pioneer dada,Lauk Pauk,295,37.4,14.7,0.6
Ayam goreng sukabumi dada,Lauk Pauk,244,36.7,9.2,1.0
Ayam goreng sukabumi paha,Lauk Pauk,283,35.7,14.3,0.5
Ayam hati segar,Lauk Pauk,261,27.4,16.1,1.6
Ayam taliwang masakan,Lauk Pauk,264,18.2,20.1,2.7
Ayam usus goreng,Lauk Pauk,473,45.2,26.3,13.9
Babat,Lauk Pauk,113,17.6,4.2,0.0
Babi daging gemuk segar,Lauk Pauk,453,11.9,45.0,0.0
Babi daging kurus segar,Lauk Pauk,371,14.1,35.0,0.0
Babi ginjal segar,Lauk Pauk,110,16.3,4.6,0.8
Babi hati segar,Lauk Pauk,129,19.7,4.8,1.7
Babi hutan masak rica masakan,Lauk Pauk,491,24.6,16.3,0.2
Bacang,Lauk Pauk,102,3.3,2.7,16.3
Bagea kelapa asin,Lauk Pauk,450,3.2,13.9,78.1
Bagea kelapa manis,Lauk Pauk,452,1.3,13.8,80.6
Bagea kenari asin,Lauk Pauk,529,3.2,29.1,63.6
Bagea kenari manis,Lauk Pauk,523,3.2,28.2,64.2
Bagea kw 1,Lauk Pauk,416,6.5,9.4,76.3
Bagea kw 2,Lauk Pauk,382,0.3,3.5,87.2
Baje,Lauk Pauk,129,1.9,6.6,15.6
Bakpia kue,Makanan Ringan,272,8.7,6.7,44.1
Bakso ,Lauk Pauk,76,4.1,2.5,9.2
Bakung segar,Lauk Pauk,27,2.0,0.2,4.2
Bakwan,Lauk Pauk,280,8.2,10.2,39.0
Baligo,Lauk Pauk,13,0.4,0.2,3.0
Bantal,Lauk Pauk,190,3.3,0.3,43.5
Barongko,Lauk Pauk,159,3.1,5.8,23.5
Batang Tading,Lauk Pauk,137,4.3,4.8,19.1
Batar daan,Lauk Pauk,107,2.2,2.2,19.6
Batatas gembili segar,Lauk Pauk,76,1.1,0.9,16.0
Batatas kelapa ubi bakar,Makanan Pokok,110,1.4,1.1,23.4
Batatas kelapa ubi kukus,Makanan Pokok,92,1.2,0.3,21.0
Batatas kelapa ubi segar,Makanan Pokok,89,1.1,0.1,21.0
Batatas tali ubi rebus,Makanan Pokok,182,2.4,0.4,42.2
Bawang Bombay,Lauk Pauk,45,1.4,0.2,10.3
Bawang Merah,Lauk Pauk,39,1.5,0.3,0.2
Bawang Putih,Lauk Pauk,95,4.5,0.2,23.1
Bayam kukus,Lauk Pauk,30,1.3,0.7,5.8
Bayam Merah,Lauk Pauk,51,4.6,0.5,10.0
Bayam merah segar,Lauk Pauk,41,2.2,0.8,6.3
Bayam rebus,Lauk Pauk,23,1.2,0.6,3.7
Bayam segar,Lauk Pauk,36,3.5,0.5,6.5
Bayam tumis + oncom,Lauk Pauk,102,3.7,6.7,6.9
Bayam tumis bersantan,Lauk Pauk,48,1.4,4.2,2.6
Bebek (itik),Lauk Pauk,326,16.0,28.6,0.0
Bebek alabio daging segar,Lauk Pauk,303,11.3,27.0,3.7
Bebek daging goreng,Lauk Pauk,300,24.0,20.7,4.5
Beberuk,Lauk Pauk,65,1.1,5.2,3.5
Beef burger,Lauk Pauk,258,10.6,9.5,32.5
Beef teriyaki masakan,Lauk Pauk,151,8.6,3.1,22.3
Beef yakiniku masakan,Lauk Pauk,132,9.8,1.1,20.7
Bekasam,Lauk Pauk,116,11.9,4.9,6.1
Bekasang,Lauk Pauk,78,11.4,2.0,3.6
Belibis daging segar,Lauk Pauk,131,20.2,4.3,2.8
Belimbing,Lauk Pauk,36,0.4,0.4,8.8
Belitung talas kukus,Lauk Pauk,145,1.2,0.4,34.2
Belut goreng,Lauk Pauk,417,25.9,19.4,32.0
Belut segar,Lauk Pauk,70,14.6,0.8,1.0
Belutlaut segar,Lauk Pauk,93,12.8,1.5,6.1
Bengkuang,Lauk Pauk,55,1.4,0.2,12.8
Bentul (Komba)  talas segar,Lauk Pauk,98,1.6,0.7,20.9
Bentul talas kukus,Lauk Pauk,71,2.3,0.3,15.4
Beras Cerdas,Makanan Pokok,350,2.7,1.1,82.3
Beras ganyong,Makanan Pokok,364,3.4,0.7,86.3
Beras Giling,Makanan Pokok,360,6.8,0.7,78.9
Beras Giling masak (nasi) ,Makanan Pokok,178,2.1,0.1,40.6
Beras giling mentah,Makanan Pokok,357,8.4,1.7,77.1
Beras giling var pelita mentah,Makanan Pokok,369,9.5,1.4,77.1
Beras giling var rojolele mentah,Makanan Pokok,357,8.4,1.7,77.1
Beras hitam mentah,Makanan Pokok,351,8.0,1.3,76.9
Beras jagung kuning kering mentah,Makanan Pokok,358,5.5,0.1,82.7
Beras jagung putih kering mentah,Makanan Pokok,307,4.8,0.1,71.8
Beras Ketan Hitam,Makanan Pokok,356,7.0,0.7,78.0
Beras Ketan Hitam kukus,Makanan Pokok,181,4.0,1.2,37.3
Beras Ketan Hitam tape,Makanan Pokok,166,3.8,1.0,34.4
Beras Ketan Hitam tumbuk,Makanan Pokok,360,8.0,2.3,74.5
Beras ketan hitam tumbuk mentah,Makanan Pokok,360,8.0,2.3,74.5
Beras Ketan Putih,Makanan Pokok,362,6.7,0.7,79.4
Beras Ketan Putih kukus,Makanan Pokok,163,3.0,0.4,35.7
Beras Ketan Putih tape,Makanan Pokok,172,3.0,0.5,37.5
Beras Ketan Putih tumbuk,Makanan Pokok,361,7.4,0.8,78.4
Beras ketan putih tumbuk mentah,Makanan Pokok,361,7.4,0.8,78.4
Beras ladang mentah,Makanan Pokok,376,7.5,3.8,78.0
Beras Menir,Makanan Pokok,339,7.7,4.4,73.0
Beras menir mentah,Makanan Pokok,362,7.7,4.4,73.0
Beras Merah tumbuk,Makanan Pokok,359,7.5,0.9,77.6
Beras Parboiled,Makanan Pokok,364,6.8,0.6,80.1
Beras parboiled,Makanan Pokok,353,6.8,0.6,80.0
Beras Pecah Kulit,Makanan Pokok,335,7.4,1.9,76.2
Beras Setengah Giling,Makanan Pokok,363,7.6,1.1,78.3
Beras Siger,Makanan Pokok,344,1.1,0.2,28.3
Beras tumbuk mentah,Makanan Pokok,354,7.8,0.4,79.9
Beras tumbuk merah mentah,Makanan Pokok,352,7.3,0.9,76.2
Betok wadi masakan,Lauk Pauk,145,16.3,7.0,4.1
Bihun,Lauk Pauk,360,4.7,0.1,82.1
Bihun Goreng ,Lauk Pauk,154,3.0,4.5,25.5
Bihun goreng instan,Lauk Pauk,381,6.1,3.9,80.3
Bihun Jagung mentah,Makanan Pokok,354,0.5,0.3,87.4
Bihun mentah,Lauk Pauk,348,4.7,0.1,82.1
Biji Jambu Mete,Lauk Pauk,562,21.2,49.6,23.6
Biji Jambu Mete goreng,Lauk Pauk,629,21.5,56.6,19.8
Biji nangka/Biji salak,Lauk Pauk,262,2.3,5.4,51.1
Bika ambon,Lauk Pauk,199,2.1,1.5,44.4
Bika Ambon ,Lauk Pauk,225,3.0,0.3,52.9
Bir (4% alkohol),Lauk Pauk,48,0.6,0.0,4.4
Biskuit,Makanan Ringan,458,6.9,14.4,75.1
Bit,Lauk Pauk,42,1.6,0.1,9.6
Biwah segar,Lauk Pauk,51,0.3,0.1,12.1
Bonggol Pisang,Buah,43,2.6,0.0,11.6
Bonggol Pisang kering,Buah,245,3.4,0.0,66.2
Bongkrek (tempe bungkil),Lauk Pauk,119,4.4,3.5,18.3
Boros Kunci,Lauk Pauk,23,1.0,0.8,7.2
Boros Laja (lengkuas),Lauk Pauk,22,1.0,0.3,4.7
Botok lamtoro,Lauk Pauk,186,11.7,9.7,13.0
Brem,Lauk Pauk,249,3.4,0.4,58.0
Brondong ,Lauk Pauk,400,4.0,0.7,95.3
Brongkos,Lauk Pauk,141,15.3,3.3,12.6
Buah Atung,Buah,23,0.8,0.2,5.2
Buah kelenting segar,Buah,110,1.4,2.1,21.4
Buah kelor,Buah,38,1.5,0.2,7.5
Buah kom segar,Buah,264,4.0,1.1,59.6
Buah Mentega (bisbul),Buah,39,0.7,0.2,9.7
Buah merah,Buah,87,2.6,2.7,13.1
Buah Naga Merah segar,Buah,71,1.7,3.1,9.1
Buah Naga Putih segar,Buah,56,0.8,1.0,10.9
Buah negri segar,Buah,55,1.2,0.1,12.2
Buah Nona,Buah,101,1.7,0.6,25.2
Buah rotan segar,Buah,78,0.6,0.3,18.2
Buah rukam segar,Buah,113,0.8,0.3,26.8
Buah ruruhi segar,Buah,29,2.1,0.7,3.6
Buah tuppa segar,Buah,67,0.4,0.2,15.9
Buaya daging dendeng mentah,Lauk Pauk,365,49.6,4.8,30.8
Bubur ,Lauk Pauk,60,1.0,60.0,13.0
Bubur sagu,Lauk Pauk,167,0.2,4.0,33.0
Bubur tinotuan (Manado),Lauk Pauk,156,2.3,0.2,15.6
Bulgogi masakan,Lauk Pauk,72,11.4,4.9,1.4
Bulung Jajan,Lauk Pauk,212,16.9,0.2,47.6
Bulung Sangu,Lauk Pauk,237,14.7,0.2,56.0
Buncis,Sayur Mayur,35,2.4,0.2,7.7
Buncis asam,Sayur Mayur,60,5.1,0.5,8.5
Buncis rebus,Sayur Mayur,30,2.2,0.2,6.4
Bunga pepaya segar,Buah,45,2.6,0.3,8.1
Bunga turi segar,Lauk Pauk,42,2.0,1.1,6.1
Bungkil Biji Karet,Lauk Pauk,333,29.3,3.3,50.0
Bungkil Kacang Tanah,Lauk Pauk,336,37.4,13.0,30.5
Bungkil Kelapa,Lauk Pauk,368,23.0,15.0,40.0
Buntil ,Lauk Pauk,106,4.4,6.3,7.9
Buntil daun talas,Lauk Pauk,141,4.4,10.2,8.0
Buras ,Lauk Pauk,125,3.3,1.9,23.9
Burung sarang segar,Lauk Pauk,281,37.5,0.3,32.1
Cabai gembor merah segar,Lauk Pauk,38,1.6,0.8,6.3
Cabai hijau segar,Lauk Pauk,26,0.7,0.3,5.2
Cabai merah kering,Lauk Pauk,367,15.9,6.2,61.8
Cabai merah segar,Lauk Pauk,36,1.0,0.3,7.3
Cabai rawit segar,Lauk Pauk,120,4.7,2.4,19.9
Caisin segar,Lauk Pauk,20,1.7,0.4,3.4
Cakalang asar (asap papua),Lauk Pauk,155,20.1,3.8,10.2
Cake tape,Lauk Pauk,323,4.9,11.5,50.1
Cammetutu,Lauk Pauk,102,3.2,6.0,8.7
Cantel mentah,Lauk Pauk,366,11.0,3.3,73.0
Cap cai sayur,Sayur Mayur,97,5.8,6.3,4.2
Carica papaya segar,Lauk Pauk,24,1.9,0.2,3.7
Cassavastick,Lauk Pauk,460,0.8,18.7,17.2
Cempedak,Lauk Pauk,116,3.0,0.4,28.6
Cengkeh kering,Lauk Pauk,330,5.2,8.9,57.4
Centel,Lauk Pauk,332,11.0,3.3,73.0
Ceriping getuk singkong,Makanan Pokok,462,1.2,20.7,67.7
Chicken teriyaki masakan,Lauk Pauk,168,13.0,9.6,7.5
Chikiniku masakan,Lauk Pauk,143,9.8,1.4,22.8
Coklat bubuk,Makanan Ringan,311,8.0,4.0,48.9
Coklat Manis batang,Makanan Ringan,472,2.0,29.8,62.7
Coklat Pahit batang,Makanan Ringan,504,5.5,52.9,29.2
Coklat Susu batang,Makanan Ringan,381,9.0,35.0,53.6
Combro ,Lauk Pauk,210,1.6,6.6,35.8
Corned Beef,Lauk Pauk,241,16.0,25.0,0.0
Coto mangkasara kuda masakan,Lauk Pauk,96,6.8,5.9,3.8
Coto mangkasara sapi masakan,Lauk Pauk,84,6.0,6.0,1.4
Cue Selar Kuning,Lauk Pauk,145,27.0,2.3,0.0
Cuka,Lauk Pauk,12,0.1,0.1,5.0
Cumi-cumi goreng,Lauk Pauk,265,40.6,10.1,0.0
Cumi-cumi segar,Lauk Pauk,75,16.1,0.7,0.1
Daging Anak Sapi,Lauk Pauk,190,19.1,12.0,0.0
Daging Asap,Lauk Pauk,191,32.0,6.0,0.0
Daging Babi Gemuk,Lauk Pauk,457,11.6,45.0,0.0
Daging Babi Kurus,Lauk Pauk,376,14.1,35.0,0.0
Daging Domba,Lauk Pauk,206,17.1,14.8,0.0
Daging Kambing,Lauk Pauk,154,16.6,9.2,0.0
Daging Kerbau,Lauk Pauk,84,18.7,0.5,0.0
Daging Kuda,Lauk Pauk,118,18.1,4.1,0.9
Daging Sapi,Lauk Pauk,207,18.8,14.0,0.0
Daun bangun-bangun segar,Lauk Pauk,27,1.3,0.6,4.0
Daun Bawang,Lauk Pauk,29,1.8,0.7,5.2
Daun bawang  merah segar,Lauk Pauk,41,2.0,0.3,7.8
Daun bebuas segar,Lauk Pauk,41,2.7,1.0,7.3
Daun belem segar,Lauk Pauk,50,4.4,1.4,7.8
Daun Beluntas,Lauk Pauk,42,1.8,0.5,9.4
Daun Cincau,Lauk Pauk,122,6.0,1.0,26.0
Daun Gandaria,Lauk Pauk,60,3.1,0.3,14.0
Daun gedi besar segar,Lauk Pauk,58,2.9,0.7,10.0
Daun gelang segar,Lauk Pauk,30,1.3,0.7,5.8
Daun gunda bali segar,Lauk Pauk,50,4.6,0.9,7.0
Daun gunda serang segar,Lauk Pauk,62,4.2,0.9,9.2
Daun Jambu Mete muda,Lauk Pauk,73,4.6,0.5,16.2
Daun jampang segar,Lauk Pauk,34,3.8,0.5,5.3
Daun jawaw seluang segar,Lauk Pauk,93,5.0,1.3,15.3
Daun jonghe segar,Lauk Pauk,27,2.1,0.7,4.4
Daun kacang ma segar,Lauk Pauk,36,2.9,0.6,6.8
Daun Kacang Panjang,Lauk Pauk,34,4.1,0.4,5.8
Daun Kacang Panjang kukus,Lauk Pauk,40,3.7,0.3,8.0
Daun kacang panjang segar,Lauk Pauk,30,3.1,0.3,5.8
Daun kasbi/singkong karet segar,Makanan Pokok,92,4.0,3.6,10.9
Daun Katuk,Lauk Pauk,59,4.8,1.0,11.0
Daun katuk rebus,Lauk Pauk,53,5.3,0.9,9.1
Daun katuk segar,Lauk Pauk,59,6.4,1.0,9.9
Daun Kecipir,Lauk Pauk,47,5.0,0.5,8.5
Daun Kedondong,Lauk Pauk,59,2.8,0.3,13.4
Daun Kelor,Lauk Pauk,82,6.7,1.7,14.3
Daun Kelor rebus,Lauk Pauk,61,6.1,0.9,10.0
Daun Kemangi,Lauk Pauk,46,4.0,0.5,8.9
Daun kenikir segar,Lauk Pauk,45,3.7,0.5,6.6
Daun kesum segar,Lauk Pauk,48,4.5,0.8,9.1
Daun kol sawi segar,Sayur Mayur,22,2.1,0.5,3.6
Daun Koro,Lauk Pauk,23,3.0,0.3,3.7
Daun kubis segar,Makanan Pokok,51,2.5,1.1,8.0
Daun Kumak,Lauk Pauk,14,1.3,0.3,2.3
Daun Labu Siam,Lauk Pauk,60,4.0,0.4,4.7
Daun Labu Waluh,Lauk Pauk,30,3.6,0.6,4.5
Daun lamtoro segar,Lauk Pauk,87,8.3,1.8,14.4
Daun leilem segar,Lauk Pauk,76,2.8,0.2,15.8
Daun Leunca,Lauk Pauk,45,4.7,0.5,8.1
Daun Lobak,Lauk Pauk,30,2.3,0.4,5.8
Daun Lompong Tales,Lauk Pauk,40,3.0,0.8,7.4
Daun Mangkokan,Lauk Pauk,54,3.7,0.3,11.8
Daun matel ambon segar,Lauk Pauk,71,6.8,1.6,11.5
Daun Melinjo,Lauk Pauk,99,5.0,1.3,21.3
Daun Mengkudu Kukus,Lauk Pauk,63,3.8,1.5,11.5
Daun ndusuk segar,Lauk Pauk,166,1.7,0.5,38.8
Daun Oyong,Lauk Pauk,22,1.0,0.1,5.3
Daun oyong segar,Lauk Pauk,22,1.0,0.1,5.3
Daun Pakis,Lauk Pauk,35,4.0,0.3,6.4
Daun pakis longgiho segar,Lauk Pauk,54,2.2,3.6,3.1
Daun pakis segar,Lauk Pauk,39,4.5,0.4,6.9
Daun pakis wambateu segar,Lauk Pauk,53,3.4,1.2,7.2
Daun paku segar,Lauk Pauk,29,3.4,0.1,6.5
Daun pangisegar,Lauk Pauk,104,3.9,0.6,17.9
Daun pare segar,Lauk Pauk,49,2.7,1.0,8.4
Daun pepaya segar,Buah,87,8.0,2.0,11.9
Daun Pete Cina,Lauk Pauk,128,12.0,6.5,12.4
Daun Poh-pohan,Lauk Pauk,37,2.5,0.8,6.9
Daun salam  bubuk,Lauk Pauk,301,14.2,10.9,49.0
Daun selasih segar,Lauk Pauk,62,4.0,0.5,10.5
Daun Semanggi,Lauk Pauk,45,4.4,8.0,0.5
Daun semanggi segar,Lauk Pauk,45,4.4,0.5,8.5
Daun simpur segar,Lauk Pauk,53,3.2,2.5,7.6
Daun singkil segar,Lauk Pauk,68,2.0,1.0,15.2
Daun Singkong,Makanan Pokok,73,6.8,1.2,13.0
Daun singkong ambon segar,Makanan Pokok,144,12.7,1.2,25.2
Daun singkong ampenan segar,Makanan Pokok,50,6.2,1.1,7.1
Daun singkong kopang segar,Makanan Pokok,74,6.3,0.7,10.7
Daun Singkong lodeh,Makanan Pokok,55,4.0,0.5,8.5
Daun Singkong rebus,Makanan Pokok,31,3.7,0.6,4.8
Daun singkong segar,Makanan Pokok,50,6.2,1.1,7.1
Daun Sintrong,Lauk Pauk,36,2.6,0.9,6.1
Daun talas rebus,Lauk Pauk,27,1.3,0.2,5.9
Daun talas segar,Lauk Pauk,59,3.0,0.4,13.5
Daun Tales,Lauk Pauk,71,4.1,2.1,12.3
Daun Tales rebus,Lauk Pauk,27,1.3,0.2,5.9
Daun tespong segar,Lauk Pauk,70,2.9,0.3,13.9
Daun Ubi Jalar,Makanan Pokok,47,2.8,0.4,10.4
Daun Ubi Jalar kukus,Makanan Pokok,56,3.1,0.3,13.0
Daun ubi kuning segar,Makanan Pokok,62,3.7,0.3,11.1
Daun ubi merah kukus,Makanan Pokok,56,3.1,0.3,13.0
Daun ubi merah segar,Makanan Pokok,48,3.0,0.3,10.8
Daun ubi putih segar,Makanan Pokok,46,2.8,0.2,8.2
Daun ubi tinta segar,Makanan Pokok,55,1.7,0.1,11.9
Deblo ,Lauk Pauk,260,2.0,15.0,53.0
Dendeng belut goreng,Lauk Pauk,382,55.7,14.1,8.0
Dendeng Daging Sapi,Lauk Pauk,433,55.0,9.0,0.0
Dendeng mujahir goreng,Lauk Pauk,598,74.3,26.9,9.2
Dideh darah ayam,Lauk Pauk,77,13.8,1.9,0.7
Dideh darah sapi,Lauk Pauk,104,21.9,1.1,0.0
Djibokum masakan,Lauk Pauk,248,10.0,2.3,40.9
Dodol,Lauk Pauk,395,3.0,5.7,81.2
Dodol bali,Lauk Pauk,298,3.7,2.1,65.9
Dodol banjarmasin,Lauk Pauk,368,2.6,8.6,70.0
Dodol galamai,Lauk Pauk,348,0.4,3.8,76.1
Dodol kedondong,Lauk Pauk,331,1.9,7.6,63.8
Dodol manado,Lauk Pauk,373,4.3,16.5,51.9
Dodonkol ,Sayur Mayur,17,3.3,2.3,39.5
Domba daging gemuk segar,Lauk Pauk,317,15.7,27.7,0.0
Domba daging kurus  segar,Lauk Pauk,202,17.1,14.8,0.0
Domba ginjal segar,Lauk Pauk,100,16.6,3.3,1.0
Duku,Lauk Pauk,63,1.0,0.2,16.1
Durian,Lauk Pauk,134,2.5,3.0,28.0
Duwet segar,Lauk Pauk,80,0.5,0.6,18.2
Eceng Gondok,Lauk Pauk,18,1.0,0.2,3.8
Embacang,Lauk Pauk,98,1.4,0.2,25.4
Empal (daging) Goreng masakan,Lauk Pauk,248,36.2,6.9,10.1
Empal Goreng,Lauk Pauk,590,18.5,57.0,0.0
Emping (kerupuk melinjo),Makanan Ringan,345,12.0,1.5,71.5
Emping beras,Makanan Pokok,403,10.6,2.2,85.3
Emping komak,Lauk Pauk,355,17.8,4.6,60.7
Encung asam segar,Lauk Pauk,122,3.5,4.5,17.5
Enting-enting gepuk hello kity,Lauk Pauk,538,13.6,30.3,52.6
Enting-enting gepuk kacang tanah,Lauk Pauk,524,13.3,29.2,52.0
Enting-enting wijen,Lauk Pauk,565,18.2,38.4,36.8
Erbis,Lauk Pauk,70,0.6,0.0,18.9
Es krim,Lauk Pauk,210,4.0,12.5,20.6
Es Krim (Coconut milk) ,Lauk Pauk,156,3.0,1.7,32.7
Es Mambo ,Lauk Pauk,152,0.0,0.0,37.6
Es Sirup ,Lauk Pauk,44,0.0,0.0,11.3
Fillet o-fish,Lauk Pauk,270,12.3,15.9,19.3
Gadeng/Gadung kering,Lauk Pauk,322,2.4,0.6,76.6
Gado-gado,Lauk Pauk,137,6.1,3.2,21.0
Gadung kukus,Lauk Pauk,88,0.8,0.3,20.9
Gadung mentah,Lauk Pauk,101,2.1,0.2,23.2
Gadung ubi kukus,Makanan Pokok,88,0.6,0.3,20.9
Gadung ubi segar,Makanan Pokok,100,0.9,0.3,23.5
Gambas (Oyong),Lauk Pauk,18,0.8,0.2,4.1
Gambas lodeh,Lauk Pauk,13,0.3,0.6,1.6
Gandaria,Lauk Pauk,68,0.7,0.1,18.0
Ganyong kukus,Lauk Pauk,100,0.8,0.2,23.8
Ganyong mentah,Lauk Pauk,95,1.0,0.1,22.6
Ganyong rebus,Lauk Pauk,100,0.8,0.2,23.8
Ganyong segar,Lauk Pauk,77,0.6,0.2,18.4
Gaplek,Lauk Pauk,338,1.5,0.7,81.3
Gatep segar,Lauk Pauk,191,4.5,1.5,39.7
Gatot,Lauk Pauk,347,1.3,0.7,83.8
Geblek,Lauk Pauk,195,0.4,1.7,44.4
Gelatine,Lauk Pauk,389,0.0,0.0,91.0
Gembili,Lauk Pauk,95,1.5,0.1,22.4
Gembili ubi segar,Makanan Pokok,131,1.1,0.2,31.3
Gemblong,Lauk Pauk,274,1.7,5.4,55.5
Gendar goreng,Lauk Pauk,407,6.4,28.2,32.0
Genjer segar,Lauk Pauk,35,1.7,0.2,7.7
Geplak,Lauk Pauk,350,1.4,14.4,53.6
Geplak jahe,Lauk Pauk,462,3.1,24.4,57.7
Gete kuah asam masakan,Lauk Pauk,75,8.2,2.0,6.0
Getuk goreng,Lauk Pauk,360,1.3,6.4,74.3
Getuk Lindri ,Lauk Pauk,171,4.0,4.0,32.0
Getuk pisang,Buah,144,1.1,0.4,34.1
Getuk singkong,Makanan Pokok,204,0.5,1.4,47.4
Ginjal Babi,Lauk Pauk,114,16.3,4.6,0.8
Ginjal Domba,Lauk Pauk,105,16.6,3.3,1.0
Ginjal Sapi,Lauk Pauk,141,15.0,8.1,0.9
Gudeg ,Lauk Pauk,53,1.6,1.6,8.8
Gudeg sayur,Sayur Mayur,160,3.3,9.2,16.0
Gula Aren,Lauk Pauk,368,0.0,0.0,95.0
Gula Kelapa,Lauk Pauk,386,3.0,10.0,76.0
Gula Merah Tebu belum dimurnikan,Lauk Pauk,356,0.4,0.5,90.6
Gula putih,Lauk Pauk,394,0.0,0.0,94.0
Gulai asam keueung masakan,Lauk Pauk,52,10.0,0.5,1.8
Gulai ikan masakan,Lauk Pauk,106,16.5,3.3,2.5
Gulai ikan paya masakan,Lauk Pauk,148,10.0,9.8,5.0
Gulai kambing,Lauk Pauk,126,4.2,9.4,6.2
Gulai keumamah masakan,Lauk Pauk,110,5.9,8.2,3.2
Gulai pakis,Lauk Pauk,143,4.0,11.4,6.0
Gulai pliek,Lauk Pauk,176,7.3,14.9,3.2
Gulai tiram masakan,Lauk Pauk,132,9.0,7.2,7.8
Gurame asem manis masakan,Lauk Pauk,192,12.7,10.1,12.7
Gurandil,Lauk Pauk,218,0.5,2.5,48.5
Ham,Lauk Pauk,389,16.9,35.0,0.3
Hangop,Lauk Pauk,65,10.0,1.0,3.5
Hati Babi,Lauk Pauk,134,19.7,4.8,1.7
Hati Sapi,Lauk Pauk,136,19.7,3.2,6.0
Havermout,Lauk Pauk,390,14.2,7.4,68.2
Hofa/Ubi hutan segar,Makanan Pokok,127,1.2,0.5,29.5
Ikan asar merah masakan,Lauk Pauk,146,17.7,5.9,5.6
Ikan Asin bilis goreng,Lauk Pauk,380,33.6,27.5,0.0
Ikan Asin gabus goreng,Lauk Pauk,456,46.5,24.4,0.0
Ikan Asin japuh goreng,Lauk Pauk,348,18.7,29.5,0.0
Ikan Asin kering,Lauk Pauk,193,42.0,1.5,0.0
Ikan Asin pari goreng,Lauk Pauk,430,58.2,23.6,0.0
Ikan Asin pepetek goreng,Lauk Pauk,652,40.4,54.3,0.0
Ikan Asin sirinding goreng,Lauk Pauk,319,6.9,31.7,0.0
Ikan Asin teri goreng,Lauk Pauk,430,33.4,32.4,0.0
Ikan Bader (Tawes),Lauk Pauk,198,19.0,13.0,0.0
Ikan balong segar,Lauk Pauk,107,16.5,3.9,1.5
Ikan bambangan segar,Lauk Pauk,112,20.0,1.3,3.7
Ikan Bandeng,Lauk Pauk,129,20.0,4.8,0.0
Ikan bandeng presto masakan,Lauk Pauk,296,17.1,20.3,11.3
Ikan banjar segar,Lauk Pauk,111,19.4,0.9,4.8
Ikan baronang segar,Lauk Pauk,78,14.5,0.6,3.7
Ikan baung bakar,Lauk Pauk,144,17.8,5.8,5.2
Ikan baung segar,Lauk Pauk,123,15.1,5.5,3.3
Ikan Bawal,Lauk Pauk,96,19.0,1.7,0.0
Ikan Bekasang,Lauk Pauk,138,14.0,0.7,7.4
Ikan Belida bakar,Lauk Pauk,128,18.0,3.0,7.2
Ikan Belida segar,Lauk Pauk,80,14.7,1.4,2.2
Ikan Belut Segar goreng,Lauk Pauk,417,25.9,19.4,32.0
Ikan Belut Segar mentah,Lauk Pauk,82,6.7,1.0,10.9
Ikan Beunteur,Lauk Pauk,66,14.0,0.0,0.0
Ikan biawan segar,Lauk Pauk,90,14.9,2.5,2.1
Ikan bili segar,Lauk Pauk,88,14.2,0.7,6.2
Ikan bubara segar,Lauk Pauk,100,14.7,2.4,4.9
Ikan bulan-bulan segar,Lauk Pauk,134,25.5,1.3,5.0
Ikan cakalang asap mentah,Lauk Pauk,204,34.2,5.6,1.9
Ikan cakalang asin mentah,Lauk Pauk,198,36.5,2.2,5.5
Ikan cakalang hati segar,Lauk Pauk,120,11.3,3.9,10.0
Ikan cakalang jantung segar,Lauk Pauk,116,11.2,1.2,10.2
Ikan cakalang perut segar,Lauk Pauk,86,10.2,1.1,8.7
Ikan cakalang segar,Lauk Pauk,107,19.6,0.7,5.5
Ikan calo/ peda mentah,Lauk Pauk,81,11.4,1.9,3.8
Ikan daun segar,Lauk Pauk,101,11.5,4.1,4.6
Ikan Ekor Kuning,Lauk Pauk,109,17.0,4.0,0.0
Ikan Gabus asap mentah,Lauk Pauk,261,38.1,2.3,21.9
Ikan Gabus kering,Lauk Pauk,292,58.0,4.0,0.0
Ikan Gabus segar,Lauk Pauk,74,25.2,1.7,0.0
Ikan gete goreng,Lauk Pauk,267,23.1,19.4,0.2
Ikan hitam segar,Lauk Pauk,101,10.3,3.7,6.7
Ikan hiu kering,Lauk Pauk,298,46.3,3.6,20.2
Ikan hiu segar,Lauk Pauk,57,10.7,0.3,2.2
Ikan kacangan segar,Lauk Pauk,77,15.6,0.9,1.6
Ikan kakap segar,Lauk Pauk,92,20.0,0.7,0.0
Ikan kakatua segar,Lauk Pauk,82,11.4,1.2,6.4
Ikan kapar segar,Lauk Pauk,132,17.0,6.7,0.8
Ikan katombo asin,Lauk Pauk,162,31.7,2.8,0.3
Ikan kawalinya segar,Lauk Pauk,110,12.6,4.2,5.4
Ikan kayu kering,Lauk Pauk,302,70.7,1.9,0.4
Ikan Kembung,Lauk Pauk,103,22.0,1.0,0.0
Ikan kima segar,Lauk Pauk,70,10.8,0.7,5.2
Ikan Lais bakar,Lauk Pauk,147,17.5,6.5,5.4
Ikan Layang,Lauk Pauk,109,22.0,1.7,0.0
Ikan layur segar,Lauk Pauk,82,18.0,1.0,0.4
Ikan lehoma segar,Lauk Pauk,90,20.4,0.9,0.0
Ikan Lele goreng,Lauk Pauk,252,19.9,19.1,0.0
Ikan Lemuru,Lauk Pauk,112,20.0,3.0,0.0
Ikan lidah segar,Lauk Pauk,104,15.6,3.2,2.0
Ikan lomak asin mentah,Lauk Pauk,258,40.3,2.3,18.9
Ikan malalugis segar,Lauk Pauk,99,20.6,1.4,0.9
Ikan Mas,Lauk Pauk,86,16.0,2.0,0.0
Ikan Mas goreng,Lauk Pauk,188,19.3,12.2,0.0
Ikan Mas pepes,Lauk Pauk,209,15.2,11.3,11.8
Ikan mayong segar,Lauk Pauk,97,17.9,2.0,0.4
Ikan Mujair dendeng goreng,Lauk Pauk,598,74.3,26.9,9.2
Ikan Mujair dendeng mentah,Lauk Pauk,582,68.3,15.2,37.2
Ikan Mujair goreng,Lauk Pauk,416,46.9,23.9,0.0
Ikan Mujair pepes,Lauk Pauk,121,21.7,2.8,0.8
Ikan Mujair segar,Lauk Pauk,89,18.7,1.0,0.0
Ikan nasu metti segar,Lauk Pauk,154,16.8,5.0,10.5
Ikan oci kembung segar,Lauk Pauk,125,21.3,3.4,2.2
Ikan Papuyu bakar,Lauk Pauk,152,17.6,6.1,6.7
Ikan papuyu/ betok segar,Lauk Pauk,120,14.3,4.9,4.6
Ikan Patin bakar,Lauk Pauk,144,17.5,6.3,4.3
Ikan Patin segar,Lauk Pauk,132,17.0,6.6,1.1
Ikan peda banjar mentah,Lauk Pauk,156,28.0,4.0,2.0
Ikan Pepetek,Lauk Pauk,176,32.0,4.4,0.0
Ikan Pindang banjar mentah,Lauk Pauk,157,28.0,4.2,1.8
Ikan Pindang benggol mentah,Lauk Pauk,170,31.0,4.2,0.0
Ikan Pindang layang mentah,Lauk Pauk,153,30.0,2.8,0.0
Ikan Pindang selar mentah,Lauk Pauk,142,27.0,3.0,0.0
Ikan sale lais mentah,Lauk Pauk,415,61.3,17.6,2.9
Ikan Sale segar,Lauk Pauk,534,40.2,39.3,4.9
Ikan saluang kering mentah,Lauk Pauk,284,34.1,9.9,14.6
Ikan saluang segar,Lauk Pauk,113,13.9,4.9,3.4
Ikan sanggang masakan,Lauk Pauk,240,21.7,7.7,20.7
Ikan sarden segar,Lauk Pauk,109,19.9,1.8,3.4
Ikan Segar,Lauk Pauk,113,17.0,4.5,0.0
Ikan Selar kering,Lauk Pauk,194,38.0,3.5,0.0
Ikan selar kuning cue mentah,Lauk Pauk,138,27.0,3.3,0.0
Ikan selar segar,Lauk Pauk,100,18.8,2.2,0.0
Ikan Sepat kering,Lauk Pauk,289,38.0,14.0,0.0
Ikan sepat segar,Lauk Pauk,84,15.2,0.6,4.7
Ikan sidat segar,Lauk Pauk,81,11.4,1.9,3.8
Ikan sunu asin mentah,Lauk Pauk,199,34.1,3.8,7.1
Ikan sunu segar,Lauk Pauk,111,13.3,3.4,6.7
Ikan tahuman segar,Lauk Pauk,88,15.9,0.9,4.1
Ikan tarmon segar,Lauk Pauk,96,19.5,1.1,2.0
Ikan telan segar,Lauk Pauk,95,15.8,0.7,6.5
Ikan telur asin mentah,Lauk Pauk,358,20.7,26.4,9.4
Ikan Tembang,Lauk Pauk,204,16.0,15.0,0.0
Ikan tempahas segar,Lauk Pauk,101,15.1,4.1,1.0
Ikan tepung mentah,Lauk Pauk,316,60.1,6.5,22.4
Ikan terbang segar,Lauk Pauk,98,19.6,1.7,1.0
Ikan Teri bubuk,Lauk Pauk,277,60.0,2.3,1.8
Ikan Teri kering,Lauk Pauk,170,33.4,3.0,0.0
Ikan Teri Kering tawar,Lauk Pauk,331,68.7,4.2,0.0
Ikan Teri Nasi kering,Makanan Pokok,144,32.5,0.6,0.0
Ikan teri segar,Lauk Pauk,74,10.3,1.4,4.1
Ikan Teri tepung,Lauk Pauk,347,48.8,6.4,19.6
Ikan titang segar,Lauk Pauk,82,17.4,0.4,2.3
Ikan tongkol segar,Lauk Pauk,100,13.7,1.5,8.0
Ikan turi segar,Lauk Pauk,96,19.2,2.0,0.2
Intip goreng,Lauk Pauk,474,7.6,21.6,62.3
Itik alabio daging dendeng mentah,Lauk Pauk,496,30.3,33.5,18.4
Jagung grontol,Makanan Pokok,156,2.7,1.3,33.3
Jagung Kuning giling,Makanan Pokok,361,8.7,4.5,72.4
Jagung Kuning muda,Makanan Pokok,129,4.1,1.3,30.3
Jagung Kuning pipil baru,Makanan Pokok,307,7.9,3.4,63.6
Jagung kuning pipil kering mentah,Makanan Pokok,366,9.8,7.3,69.1
Jagung Kuning pipil lama,Makanan Pokok,355,9.2,3.9,73.7
Jagung kuning pipil rebus,Makanan Pokok,154,3.8,3.5,28.4
Jagung Kuning segar,Makanan Pokok,140,4.7,1.3,33.1
Jagung kuning tepung,Makanan Pokok,355,9.2,3.9,73.7
Jagung muda,Makanan Pokok,35,2.2,0.1,7.4
Jagung muda kuning mentah,Makanan Pokok,147,5.1,0.7,31.5
Jagung muda rebus,Makanan Pokok,142,5.0,0.7,30.3
Jagung pipil var. harapan kering,Makanan Pokok,367,6.2,5.1,76.2
Jagung pipil var. metro kering,Makanan Pokok,368,5.5,4.6,78.0
Jagung Putih giling,Makanan Pokok,361,8.7,4.5,72.4
Jagung Putih muda,Makanan Pokok,129,4.1,1.3,30.3
Jagung Putih pipil baru,Makanan Pokok,307,7.9,3.4,63.6
Jagung Putih pipil lama,Makanan Pokok,355,9.2,3.9,73.7
Jagung Putih segar,Makanan Pokok,140,4.7,1.3,33.1
Jagung Rebus ,Makanan Pokok,175,1.8,1.8,35.0
Jagung Sayur (tumis) ,Makanan Pokok,148,10.4,10.4,20.1
Jagung titi,Makanan Pokok,374,9.4,2.2,79.1
Jahe,Lauk Pauk,51,1.5,1.0,10.1
Jali,Lauk Pauk,289,11.0,4.0,61.0
Jam selai,Lauk Pauk,239,0.5,0.6,64.5
Jambal goreng,Lauk Pauk,286,48.5,9.2,2.3
Jambu Air,Lauk Pauk,46,0.6,0.0,11.8
Jambu Biji,Lauk Pauk,49,0.9,0.3,12.2
Jambu biji putih tidak berbiji,Lauk Pauk,61,0.9,0.3,15.4
Jambu Bol,Lauk Pauk,56,0.6,0.3,14.2
Jambu Monyet buah,Buah,64,0.7,0.6,15.8
Jampang huma mentah,Lauk Pauk,350,6.2,1.4,78.2
Jamur Coklat (kulat siau),Makanan Ringan,45,2.5,3.9,0.0
Jamur encik,Lauk Pauk,296,9.4,1.1,62.0
Jamur kuping kering,Lauk Pauk,294,16.0,0.9,64.6
Jamur kuping segar,Lauk Pauk,21,3.8,0.6,0.9
Jamur merang segar,Lauk Pauk,30,3.5,0.2,4.0
Jamur Putih (kulat putih),Lauk Pauk,48,2.8,4.1,2.9
Jamur sagu,Lauk Pauk,48,1.9,3.2,2.8
Jamur tiram segar,Lauk Pauk,30,1.9,0.1,5.5
Jangang bintatoeng masakan,Lauk Pauk,107,5.3,2.2,16.5
Jantung Pisang segar,Buah,31,1.2,0.3,7.1
Japilus,Lauk Pauk,500,1.2,25.1,67.3
Jaruk Tigarun,Lauk Pauk,48,2.5,4.2,0.0
Jawawut,Lauk Pauk,334,9.7,3.5,73.4
Jenang ,Lauk Pauk,381,9.5,9.5,65.8
Jengkol segar,Sayur Mayur,192,5.4,0.3,40.7
Jeruk Bali,Buah,48,0.6,0.2,12.4
Jeruk banjar segar,Buah,61,0.8,0.2,14.1
Jeruk Garut,Buah,44,0.8,0.3,10.9
Jeruk Kalamansi segar,Buah,39,0.3,0.3,8.9
Jeruk Manis,Buah,45,0.9,0.2,11.2
Jeruk Nipis,Buah,37,0.8,0.1,12.3
Jeruk ragi segar,Buah,49,0.7,0.2,11.1
Jotang,Lauk Pauk,32,1.9,0.3,7.1
Jukku pallu kaloa masakan,Lauk Pauk,15,15.2,4.3,8.8
Kabau segar,Lauk Pauk,130,6.7,0.3,25.2
Kaburan ubi segar,Makanan Pokok,133,1.0,0.2,32.2
Kabuto,Lauk Pauk,250,2.6,2.5,35.4
Kacang Andong,Lauk Pauk,356,20.5,4.1,61.6
Kacang Arab,Lauk Pauk,330,23.8,1.4,60.2
Kacang atom,Lauk Pauk,533,27.8,38.1,28.8
Kacang babi kering,Lauk Pauk,341,30.4,3.2,51.3
Kacang belimbing (kecipir) kering,Lauk Pauk,400,34.4,16.9,34.1
Kacang Belimbing rebus,Lauk Pauk,204,16.9,8.8,17.5
Kacang Belimbing tempe,Lauk Pauk,212,17.5,10.0,12.9
Kacang beracun segar,Lauk Pauk,118,4.4,1.5,21.6
Kacang Bogor goreng,Lauk Pauk,479,12.7,23.2,58.9
Kacang bogor kering,Lauk Pauk,370,16.0,6.0,65.0
Kacang Bogor rebus,Lauk Pauk,161,7.7,2.8,27.1
Kacang bogor segar,Lauk Pauk,165,7.7,3.1,27.4
Kacang Endel biji,Lauk Pauk,331,25.0,1.0,58.0
Kacang ercis segar,Lauk Pauk,129,12.4,0.7,18.3
kacang galing segar,Lauk Pauk,336,23.1,1.7,59.5
Kacang goyang,Lauk Pauk,516,14.7,31.1,44.4
Kacang Gude biji,Lauk Pauk,336,20.7,1.4,62.0
Kacang gude biji kering,Lauk Pauk,316,20.7,1.0,58.0
Kacang Gude biji muda,Lauk Pauk,114,7.0,0.6,20.8
Kacang Gude muda,Lauk Pauk,123,8.4,0.6,1.8
Kacang gude rebus,Lauk Pauk,147,9.0,0.5,27.5
Kacang hijau kering,Lauk Pauk,323,22.9,1.5,56.8
kacang hijau rebus,Lauk Pauk,109,8.7,0.5,18.3
Kacang hijau var. bakti kering,Lauk Pauk,350,17.1,1.8,70.7
Kacang hijau var. siwalik kering,Lauk Pauk,339,20.8,2.1,64.6
Kacang hitam kering,Lauk Pauk,346,16.6,1.7,66.1
Kacang Ijo,Lauk Pauk,345,22.2,1.2,62.9
Kacang Kapri Goreng ,Lauk Pauk,445,11.0,11.0,65.5
Kacang Kapri muda,Lauk Pauk,98,6.7,0.4,17.7
Kacang Kedelai basah,Lauk Pauk,286,30.2,15.6,30.1
Kacang kedelai goreng,Lauk Pauk,521,32.2,37.7,22.9
Kacang kedelai kering,Lauk Pauk,381,40.4,16.7,24.9
Kacang Kedelai kukus,Lauk Pauk,75,4.1,2.1,10.7
Kacang kedelai rebus,Lauk Pauk,189,20.2,8.2,12.7
Kacang kedelai segar,Lauk Pauk,286,30.2,15.6,30.1
Kacang komak segar,Lauk Pauk,327,16.4,4.3,55.8
Kacang kuning kering,Lauk Pauk,355,17.0,2.5,66.0
Kacang lebui /iris kering,Lauk Pauk,346,16.5,1.5,66.6
Kacang mekah polong segar,Lauk Pauk,22,1.1,1.0,3.4
Kacang mentega kering,Lauk Pauk,344,16.7,2.1,64.6
Kacang Merah,Lauk Pauk,336,23.1,1.7,59.5
Kacang merah /banda kering,Lauk Pauk,350,13.9,3.0,66.9
Kacang merah kering,Lauk Pauk,314,22.1,1.1,56.2
Kacang Merah kering rebus,Lauk Pauk,158,10.3,0.9,28.2
Kacang merah segar,Lauk Pauk,171,11.0,2.2,28.0
Kacang Merah segar rebus,Lauk Pauk,144,10.0,1.0,24.7
Kacang merah tua kering,Lauk Pauk,280,16.7,1.6,63.2
Kacang mete/biji jambu monyet goreng,Lauk Pauk,629,20.4,56.3,19.8
Kacang mete/biji jambu monyet segar,Lauk Pauk,616,16.3,48.4,28.7
Kacang negara,Lauk Pauk,480,18.4,19.1,58.5
Kacang Panjang,Lauk Pauk,44,2.7,0.3,7.8
Kacang Panjang biji,Lauk Pauk,357,17.3,1.5,70.0
Kacang Panjang kukus,Lauk Pauk,39,3.0,0.6,7.6
Kacang Panjang tumis,Lauk Pauk,150,2.5,12.5,7.0
Kacang ranti polong,Lauk Pauk,37,3.1,0.2,7.9
Kacang sukro,Lauk Pauk,484,8.8,26.1,57.7
Kacang Sukro Putih ,Lauk Pauk,488,25.6,25.6,59.6
Kacang Tanah atom,Lauk Pauk,535,27.8,38.1,28.8
Kacang tanah goreng,Lauk Pauk,564,25.5,44.4,25.5
Kacang Tanah kacang sari,Lauk Pauk,561,25.5,43.8,26.0
Kacang tanah kering,Lauk Pauk,525,27.9,42.7,17.4
Kacang Tanah Rebus ,Lauk Pauk,385,14.0,31.0,13.0
Kacang Tanah rebus berkulit,Lauk Pauk,360,13.5,31.2,12.8
Kacang Tanah rempeyek,Lauk Pauk,513,17.5,32.5,44.3
Kacang Tanah sangan berselaput,Lauk Pauk,569,28.8,48.4,15.8
Kacang tanah sangan tanpa selaput,Lauk Pauk,559,26.9,44.2,23.6
Kacang tanah sari,Lauk Pauk,561,25.5,43.8,26.0
Kacang Telur ,Lauk Pauk,748,20.8,20.8,124.8
Kacang tolo / tunggak kering,Lauk Pauk,331,24.4,1.9,56.6
Kacang tolo rebus,Lauk Pauk,138,10.7,1.1,22.6
Kacang Tunggak (tolo),Lauk Pauk,342,22.9,1.4,61.6
Kacang Tunggak rebus,Lauk Pauk,138,10.7,1.1,22.6
Kacang Tunggak rempeyek,Lauk Pauk,451,11.2,20.2,59.7
Kacang tunis kering,Lauk Pauk,351,12.2,1.2,72.9
Kacang uci kering,Lauk Pauk,358,23.4,2.4,60.6
Kacang urei kering,Lauk Pauk,354,12.8,1.8,69.3
Kadada katembe,Lauk Pauk,110,4.5,6.9,7.1
Kaholeo masakan,Lauk Pauk,413,28.7,19.8,29.8
Kakap,Lauk Pauk,92,20.0,0.7,0.0
Kalakai,Lauk Pauk,66,2.8,6.8,3.4
Kalio jeroan masakan,Lauk Pauk,163,16.5,9.0,4.1
Kalio kikil (tunjang) masakan,Lauk Pauk,122,13.8,5.7,3.9
Kalio otak masakan,Lauk Pauk,157,8.1,8.8,11.4
Kalio telur masakan,Lauk Pauk,193,10.6,12.4,9.7
Kambing daging segar,Lauk Pauk,149,16.6,9.2,0.0
Kambose,Lauk Pauk,164,3.0,2.4,32.6
Kangkung,Sayur Mayur,29,3.0,0.3,5.4
Kangkung kukus,Sayur Mayur,30,3.2,0.7,4.7
Kangkung rebus,Sayur Mayur,22,2.5,0.6,3.1
Kangkung tondano,Sayur Mayur,43,1.8,0.2,8.4
Kangkung tumis,Sayur Mayur,52,1.8,3.6,3.0
Kaparende sayur,Sayur Mayur,38,2.4,2.0,2.6
Kapri Muda,Lauk Pauk,42,3.3,0.2,9.6
Kapurung,Lauk Pauk,41,2.0,0.3,7.8
Kapusa,Lauk Pauk,158,4.4,3.2,27.8
Karawila,Lauk Pauk,25,2.3,0.2,3.5
Karedok ,Lauk Pauk,146,5.9,5.9,19.7
Karedok sayur,Sayur Mayur,92,2.2,3.3,14.1
Karoket ,Lauk Pauk,292,11.2,11.2,2.8
Katak,Lauk Pauk,73,16.4,0.3,0.0
Katul Beras,Makanan Pokok,275,12.6,14.8,54.6
Katul Jagung,Makanan Pokok,356,9.0,8.5,64.5
Kawista segar,Lauk Pauk,120,3.5,2.5,20.8
Kecap,Lauk Pauk,46,5.7,1.3,9.0
Kecimpring singkong goreng,Makanan Pokok,464,1.2,18.6,73.0
Kecipir biji,Lauk Pauk,405,32.8,17.0,36.5
Kecipir buah muda,Buah,35,2.9,0.2,0.8
Kecipir muda segar,Lauk Pauk,32,2.9,0.2,5.8
Kecombrang segar,Lauk Pauk,34,0.9,1.0,6.7
Kedondong segar ,Lauk Pauk,47,0.5,0.2,10.4
Keju,Lauk Pauk,326,22.8,20.3,13.1
Keju Kacang Tanah,Lauk Pauk,590,27.0,49.0,20.9
Kelapa hutan kering,Lauk Pauk,623,2.0,52.1,36.5
Kelapa Muda air,Lauk Pauk,17,0.2,0.1,3.8
Kelapa Muda daging,Lauk Pauk,68,1.0,0.9,14.0
Kelapa Setengah Tua daging,Lauk Pauk,180,4.0,15.0,10.0
Kelapa Tua daging,Lauk Pauk,359,3.4,34.7,14.0
Kelepon ,Lauk Pauk,214,5.4,5.4,40.2
Kelewih,Lauk Pauk,111,1.5,0.3,27.2
Kelinci daging segar,Lauk Pauk,142,16.9,7.8,0.0
Kemang,Lauk Pauk,48,1.0,0.2,11.9
Kembang tahu,Lauk Pauk,380,48.9,13.8,23.3
Kembang Turi,Lauk Pauk,44,1.8,0.6,9.6
Kemiri,Lauk Pauk,636,19.0,63.0,8.0
Kenari,Lauk Pauk,657,15.0,66.0,13.0
Kenari banda kering,Lauk Pauk,616,13.9,56.2,13.7
Kentang,Makanan Pokok,83,2.0,0.1,19.1
Kentang Hitam,Makanan Pokok,142,0.9,0.4,33.7
Keong,Lauk Pauk,64,12.0,1.0,2.0
Kepala Susu (Krim),Lauk Pauk,204,2.6,20.0,4.0
Kepiting,Lauk Pauk,151,13.8,3.8,14.1
Kerang,Lauk Pauk,59,18.0,1.1,3.6
Kerang asap mentah,Lauk Pauk,393,38.9,13.3,29.4
Kerang dendeng mentah,Lauk Pauk,357,41.1,10.0,25.6
Kerbau daging segar,Lauk Pauk,79,18.7,0.5,0.0
Keremes,Lauk Pauk,475,1.6,25.5,64.4
Keribang ubi segar,Makanan Pokok,137,1.3,1.1,29.8
Keripik bayam,Lauk Pauk,586,4.9,40.6,50.2
Keripik gadung,Lauk Pauk,446,2.8,14.5,76.0
Keripik kentang,Makanan Pokok,448,2.7,18.8,67.1
Keripik lampung,Lauk Pauk,485,1.7,22.2,69.7
Keripik oncom,Lauk Pauk,598,8.3,43.8,42.6
Keripik singkong,Makanan Pokok,478,0.9,20.7,72.0
Keripik singkong berbumbu,Makanan Pokok,481,2.2,19.7,73.6
Keripik tempe,Lauk Pauk,581,12.1,40.6,41.7
Keripik tempe abadi murni,Lauk Pauk,542,40.3,42.4,11.6
Keripik tempe abadi sedang,Lauk Pauk,510,12.3,27.9,52.4
Keripik tempe abadi telur,Lauk Pauk,529,20.8,31.7,40.2
Keripik ubi,Makanan Pokok,486,0.2,23.9,67.6
Kerokot segar,Lauk Pauk,26,1.7,0.4,3.8
Kerupuk Aci,Makanan Ringan,350,0.5,0.2,85.9
Kerupuk cumi goreng,Makanan Ringan,444,6.9,14.6,71.3
Kerupuk Ikan berpati,Lauk Pauk,342,16.0,0.4,65.6
Kerupuk kemplang  (ikan) mentah,Lauk Pauk,325,1.8,0.4,78.5
Kerupuk kemplang goreng,Makanan Ringan,504,5.6,28.1,57.1
Kerupuk kemplang panggang,Makanan Ringan,356,9.7,1.1,76.9
Kerupuk Kulit kerbau,Makanan Ringan,422,83.0,4.0,0.0
Kerupuk Melinjo mentah,Makanan Ringan,345,12.0,1.5,71.5
Kerupuk Melinjo tebal goreng asin,Makanan Ringan,431,11.1,16.2,63.0
Kerupuk Melinjo tebal goreng manis,Makanan Ringan,439,10.0,16.4,65.7
Kerupuk Melinjo tipis goreng,Makanan Ringan,485,11.5,24.5,59.1
Kerupuk mie kuning goreng,Makanan Pokok,476,0.1,21.1,71.3
Kerupuk Sayong ,Makanan Ringan,46,17.3,17.3,81.3
Kerupuk Udang ,Lauk Pauk,340,30.0,30.0,52.0
Kerupuk Udang berpati,Lauk Pauk,359,17.2,68.2,332.0
Kerupuk udang goreng,Lauk Pauk,477,4.7,20.5,68.5
Kerupuk urat,Makanan Ringan,588,53.7,40.9,1.2
Kesemek,Lauk Pauk,78,0.8,0.4,20.0
Ketan hitam matang,Lauk Pauk,181,4.0,1.2,37.3
Ketan putih matang,Lauk Pauk,163,3.0,0.4,35.7
Ketapang ,Lauk Pauk,340,11.0,11.0,54.0
Ketela Pohon Kuning,Lauk Pauk,157,0.8,0.3,37.9
Ketela singkong segar,Makanan Pokok,154,1.0,0.3,36.8
Ketela pohon/singkong kukus,Makanan Pokok,153,1.2,0.3,36.4
Ketimun,Lauk Pauk,12,0.7,0.1,2.7
Ketimun madura segar,Lauk Pauk,9,0.5,0.1,1.9
Ketoprak,Lauk Pauk,153,7.9,7.7,13.0
Ketumbar,Lauk Pauk,404,14.1,16.1,54.2
Ketupat ketan,Lauk Pauk,212,4.0,4.6,38.6
Ketupat Tahu ,Lauk Pauk,109,2.6,2.6,18.6
Kluwek,Lauk Pauk,310,10.0,24.0,13.5
Kodok segar,Lauk Pauk,73,16.4,0.3,0.0
Kokosan,Lauk Pauk,86,1.6,0.2,13.0
Komak polong segar,Lauk Pauk,99,3.3,0.1,21.2
Kool Kembang,Lauk Pauk,25,2.4,0.2,4.9
Kool Merah kool putih,Lauk Pauk,24,1.4,0.2,5.3
Kopi bagian yang larut,Lauk Pauk,352,17.4,1.3,69.0
Kopi bubuk instant,Lauk Pauk,129,12.3,0.5,35.0
Koro andong kering,Lauk Pauk,356,20.5,4.1,61.6
Koro Benguk biji,Lauk Pauk,332,24.0,3.0,55.0
Koro Benguk tempe,Lauk Pauk,141,10.2,1.3,23.2
Koro Kerupuk biji,Makanan Ringan,125,8.3,0.7,22.1
Koro Loke biji,Lauk Pauk,33,2.7,0.2,7.9
Koro Roway biji,Lauk Pauk,344,12.5,2.1,69.4
Koro Wedus biji,Lauk Pauk,338,22.2,1.5,61.0
Koro Wedus buah muda,Buah,38,3.0,0.3,7.9
Koro wedus polong,Lauk Pauk,46,3.0,0.3,7.9
Kotiu hinela tawang nggole,Lauk Pauk,46,2.2,1.5,6.0
Koya,Lauk Pauk,366,4.2,4.3,77.5
Koya mirasa,Lauk Pauk,370,8.0,1.0,82.2
Kranji segar,Lauk Pauk,315,2.1,1.4,73.5
Kripik Tempe Goreng ,Lauk Pauk,542,40.3,42.4,11.5
Krokot,Lauk Pauk,21,1.7,0.4,3.8
Kucai,Lauk Pauk,45,2.2,0.3,10.3
Kucai Muda (Lokio),Lauk Pauk,42,3.8,0.6,7.8
Kuda daging segar,Lauk Pauk,113,18.1,4.1,0.9
Kue ali,Makanan Ringan,440,3.8,18.5,64.5
Kue Apem ,Makanan Ringan,186,1.6,1.6,39.6
Kue bangket,Makanan Ringan,338,1.5,1.2,80.3
Kue Bugis ,Makanan Ringan,240,1.0,4.0,54.0
Kue jahe,Makanan Ringan,425,1.6,8.8,84.6
Kue kelapa,Makanan Ringan,591,5.6,42.1,47.5
Kue Koya ,Makanan Ringan,366,4.2,4.3,7.9
Kue lumpur,Makanan Ringan,291,3.6,11.1,44.1
Kue mangkok ,Makanan Ringan,182,1.0,1.0,40.4
Kue Pacar Cina ,Makanan Ringan,126,0.7,0.7,57.3
Kue Pia ,Makanan Ringan,296,1.4,1.4,66.4
Kue putu cangkir,Makanan Ringan,304,5.3,7.0,54.9
Kue putu singkong,Makanan Pokok,217,1.2,0.5,53.2
Kue Satu ,Makanan Ringan,393,2.7,2.7,79.3
Kue Semprong ,Makanan Ringan,380,1.0,1.0,92.0
Kue sus,Makanan Ringan,221,7.5,10.2,24.8
Kue Talam ,Makanan Ringan,180,5.0,5.0,32.0
Kue Tambang ,Makanan Ringan,512,26.0,26.0,60.4
Kue thipan,Makanan Ringan,247,2.9,4.2,49.5
Kulit melinjo,Lauk Pauk,111,4.5,1.1,20.7
Kundur segar,Lauk Pauk,22,0.4,0.2,4.7
Kunyit,Lauk Pauk,63,2.0,2.7,9.1
Kura-kura,Lauk Pauk,83,19.1,0.2,0.0
Kwaci,Lauk Pauk,515,30.6,42.1,13.8
Kwark (Quark),Lauk Pauk,242,19.0,17.0,3.0
Labu Air,Lauk Pauk,17,0.6,0.2,3.8
Labu kuning segar,Lauk Pauk,51,1.7,0.5,10.0
Labu Siam,Lauk Pauk,26,0.6,0.1,6.7
Labu waluh segar,Lauk Pauk,32,1.1,0.1,6.6
Laksa ,Lauk Pauk,166,2.7,3.9,29.5
Lamtoro (pete cina) biji muda,Lauk Pauk,85,5.7,0.3,15.4
Lamtoro biji tua,Lauk Pauk,148,10.6,0.5,26.2
Lamtoro tempe,Lauk Pauk,142,11.0,2.5,20.4
Lamtoro var. gung tanpa kulit,Lauk Pauk,367,46.4,5.4,32.5
Lamtoro var. lokal dengan kulit,Lauk Pauk,336,23.8,1.2,59.7
Langsat,Lauk Pauk,56,0.9,0.2,14.3
Lantar segar,Lauk Pauk,34,2.2,0.3,5.5
Lanting getuk,Lauk Pauk,422,0.9,10.8,80.4
Lapis legit,Lauk Pauk,389,6.6,15.7,55.5
Lawar babi masakan,Lauk Pauk,174,17.0,10.0,3.0
Lawar penyu masakan,Lauk Pauk,141,23.0,1.5,7.6
Lawara jangang masakan,Lauk Pauk,159,5.0,10.9,10.1
Lawara penjah masakan,Lauk Pauk,207,7.4,15.4,9.6
Ledre pisang,Buah,405,4.8,5.1,84.9
Lema/ Rebung asam,Lauk Pauk,15,1.0,0.4,1.9
Lemak Babi,Lauk Pauk,902,0.0,100.0,0.0
Lemak Babi (Bacon),Lauk Pauk,630,9.1,65.0,1.1
Lemak ikan,Lauk Pauk,372,12.0,29.4,14.4
Lemak Kerbau,Lauk Pauk,818,1.5,90.0,0.0
Lemon segar,Lauk Pauk,34,0.5,0.8,6.2
Lemon Squasih,Lauk Pauk,36,0.0,0.0,10.0
Lemonade,Lauk Pauk,30,0.0,0.0,8.0
Lemper ,Lauk Pauk,221,3.8,3.6,43.4
Lempog durian,Lauk Pauk,320,3.5,5.7,63.7
Lepok/Ubi rumput,Makanan Pokok,181,2.8,1.2,39.8
Leunca buah,Buah,33,1.9,0.1,7.4
Leupeut Ketan ,Lauk Pauk,240,7.8,0.5,51.3
Leverwost (sosis hati),Lauk Pauk,387,16.0,22.0,3.0
Lilin bungkus gedi,Lauk Pauk,79,2.3,5.2,5.8
Lobak,Lauk Pauk,19,0.9,0.1,4.2
Lokan segar,Lauk Pauk,217,11.0,1.7,5.1
Lontar segar,Lauk Pauk,27,0.4,0.2,6.0
Lopis ,Lauk Pauk,163,2.8,2.2,33.0
Lumai/Leunca segar,Lauk Pauk,38,1.1,0.3,7.6
Lupis ketan,Lauk Pauk,164,1.8,2.1,34.5
Madu,Lauk Pauk,294,0.3,0.0,79.5
Maizena tepung,Lauk Pauk,341,0.3,0.0,85.0
Makaroni,Lauk Pauk,363,8.7,0.4,78.7
Mangga benggala segar,Buah,63,2.4,0.4,12.4
Mangga Gedong,Buah,44,0.7,0.2,11.2
Mangga Golek,Buah,63,0.5,0.2,16.7
Mangga Harum Manis,Buah,46,0.4,0.2,11.9
Mangga Indramayu,Buah,72,0.8,0.2,18.7
Mangga Kopek,Buah,56,0.4,0.2,14.6
Mangga kwini segar,Buah,86,0.7,0.5,19.8
Mangga manalagi segar,Buah,133,1.0,0.1,32.1
Mangga Muda,Buah,59,0.5,0.4,15.1
Mangga segar,Buah,52,0.7,0.0,12.3
Manggis,Lauk Pauk,63,0.6,0.6,15.6
Margarin,Lauk Pauk,720,0.6,81.0,0.4
Markisa segar,Lauk Pauk,144,3.5,1.2,29.8
Markisa squash,Lauk Pauk,217,2.5,1.0,49.6
Markisa squash BD,Lauk Pauk,104,1.2,0.5,23.7
Martabak  manis,Lauk Pauk,265,4.7,5.5,49.3
Martabak india,Lauk Pauk,153,4.5,4.2,24.3
Martabak mesir,Lauk Pauk,278,5.1,8.6,45.0
Martabak Telur ,Lauk Pauk,200,8.9,5.1,29.5
Masekat,Lauk Pauk,369,2.1,7.0,74.1
Matoa segar,Lauk Pauk,90,1.2,0.1,21.1
Melase,Lauk Pauk,276,0.0,0.1,71.0
Melinjo,Lauk Pauk,66,5.0,0.7,13.3
Melon segar,Lauk Pauk,37,0.6,0.4,7.8
Menjangan daging dendeng mentah,Lauk Pauk,322,55.8,2.0,22.7
Mentega,Lauk Pauk,725,0.5,81.6,1.4
Menteng,Lauk Pauk,65,1.7,0.2,16.1
Merica,Lauk Pauk,359,11.5,6.8,64.4
Mi basah,Lauk Pauk,88,0.6,3.3,14.0
Mi golosor,Lauk Pauk,71,0.2,0.8,15.9
Mi kering,Lauk Pauk,339,10.0,1.7,6.3
Mie aceh rebus,Makanan Pokok,113,3.0,3.2,18.1
Mie ayam,Makanan Pokok,102,6.2,3.9,10.5
Mie bakso,Makanan Pokok,114,5.3,3.0,16.4
Mie basah,Makanan Pokok,86,0.6,3.3,14.0
Mie Bendo,Makanan Pokok,353,0.3,0.0,88.0
Mie celon,Makanan Pokok,102,3.0,2.1,17.8
Mie Goreng ,Makanan Pokok,468,7.6,20.4,62.4
Mie kering,Makanan Pokok,337,7.9,11.8,50.0
Mie pangsit basah,Makanan Pokok,105,5.9,4.9,9.4
Mie Sagu,Makanan Pokok,190,0.2,0.4,46.5
Minyak Hati Hiu (Eulamia),Lauk Pauk,902,0.0,100.0,0.0
Minyak Ikan,Lauk Pauk,902,0.0,100.0,0.0
Minyak Kacang Tanah,Lauk Pauk,902,0.0,100.0,0.0
Minyak kedelai,Lauk Pauk,883,0.0,99.9,0.0
Minyak Kelapa,Lauk Pauk,870,1.0,98.0,0.0
Minyak Kelapa Sawit,Sayur Mayur,902,0.0,100.0,0.0
Minyak Wijen,Lauk Pauk,902,0.0,100.0,0.0
Minyak Zaitun,Lauk Pauk,884,0.0,100.0,0.0
Misoa,Lauk Pauk,345,8.5,2.2,78.0
Misro ,Lauk Pauk,218,0.8,16.0,50.2
Moon tahu,Lauk Pauk,128,8.0,10.0,1.3
Mostarda metan -sawi,Sayur Mayur,33,2.3,0.5,4.7
Mujahir acar kuning masakan,Lauk Pauk,330,17.8,23.4,12.1
Naan maran sapi masakan,Lauk Pauk,478,38.3,33.9,5.1
Nanas,Lauk Pauk,52,0.4,0.2,13.7
Nanas palembang segar,Lauk Pauk,58,0.7,0.2,13.3
Nangka biji,Lauk Pauk,165,4.2,0.1,36.7
Nangka masak di pohon,Lauk Pauk,106,1.2,0.3,27.6
Nangka Muda,Lauk Pauk,51,2.0,0.4,11.3
Nasi,Makanan Pokok,180,3.0,0.3,39.8
Nasi beras merah,Makanan Pokok,149,2.8,0.4,32.5
Nasi gemuk,Makanan Pokok,192,3.8,8.8,24.4
Nasi Goreng ,Makanan Pokok,276,3.2,3.2,30.2
Nasi gurih,Makanan Pokok,190,4.7,7.5,26.0
Nasi jagung,Makanan Pokok,357,8.8,0.5,79.5
Nasi minyak,Makanan Pokok,207,3.5,5.0,37.1
Nasi rames,Makanan Pokok,155,10.3,4.2,19.1
Nasi tim,Makanan Pokok,120,2.4,0.4,26.0
Nasi Uduk ,Makanan Pokok,253,4.3,21.0,11.7
Nasu likku masakan,Lauk Pauk,196,14.5,8.3,15.9
Noga Kacang Tanah ,Lauk Pauk,600,14.0,41.7,42.0
Nopia spesial,Lauk Pauk,387,5.3,7.6,74.3
Olah-olah,Lauk Pauk,9,2.1,6.0,7.1
Oncom,Lauk Pauk,187,13.0,6.0,22.6
Oncom ampas kacang hijau,Lauk Pauk,376,14.9,6.0,65.7
Oncom Goreng ,Lauk Pauk,363,19.3,19.3,40.3
Oncom Hitam Goreng ,Lauk Pauk,284,12.0,14.4,13.6
Oncom Hitam Goreng bertepung ,Lauk Pauk,306,9.0,18.0,27.0
Oncom kacang hijau + singkong,Makanan Pokok,351,11.0,5.3,65.9
Oncom Kacang Tanah pepes,Lauk Pauk,132,12.7,3.8,13.7
Oncom Kedele,Lauk Pauk,187,13.0,6.0,22.6
Oncom Merah Goreng ,Lauk Pauk,368,6.8,32.0,13.2
Oncom Merah Goreng bertepung ,Lauk Pauk,320,7.3,18.7,31.0
Oncom Merah Sayur (tumis) ,Sayur Mayur,40,2.0,2.0,3.0
Oncom pepes,Lauk Pauk,76,5.2,1.8,10.6
Onde-onde ,Lauk Pauk,288,8.3,8.9,44.3
Ongol-ongol ,Lauk Pauk,115,1.5,6.0,14.0
Ongol-ongol sagu,Lauk Pauk,111,0.3,2.7,21.2
Opak Singkong ,Makanan Pokok,940,36.0,42.0,104.0
Oramu ninahu ndawa olaho masakan,Lauk Pauk,117,13.7,5.0,4.3
Otak,Lauk Pauk,125,10.4,8.6,0.8
Oyek,Lauk Pauk,351,0.9,0.9,84.9
Oyek (dari singkong),Makanan Pokok,342,2.3,0.1,83.1
Paku hinela wulelenggapaya,Lauk Pauk,77,3.5,4.6,5.4
Pala biji,Lauk Pauk,494,7.5,36.4,40.1
Pala daging,Lauk Pauk,42,0.3,0.2,10.9
Paniki masak santan masakan,Lauk Pauk,460,28.5,35.2,7.2
Papais ,Lauk Pauk,133,3.0,1.6,27.0
Papeda,Lauk Pauk,61,0.2,0.1,14.9
Parede baleh masakan,Lauk Pauk,87,10.5,2.5,5.5
Paria (Pare),Lauk Pauk,29,1.1,0.3,6.6
Paria Putih kukus,Lauk Pauk,16,0.8,0.2,3.4
Paria putih segar,Lauk Pauk,19,1.0,0.4,3.6
Pastel,Lauk Pauk,307,4.5,13.3,42.4
Pati Singkong (tapioka),Makanan Pokok,362,0.5,0.3,86.9
Pe-Cay,Lauk Pauk,23,1.8,0.3,4.5
Peda Ikan Banjar,Lauk Pauk,156,28.0,4.0,0.0
Pelecing kangkung,Sayur Mayur,75,2.5,2.8,10.0
Pelepah manuk masakan,Lauk Pauk,219,19.7,13.6,4.4
Pempek adaan,Lauk Pauk,162,4.9,3.0,27.8
Pempek belida,Lauk Pauk,156,4.2,1.4,31.6
Pempek kapal selam,Lauk Pauk,152,4.5,2.3,28.2
Pempek kelesan,Lauk Pauk,211,12.3,6.1,26.6
Pempek kulit,Lauk Pauk,243,5.2,7.3,39.1
Pempek tenggiri,Lauk Pauk,173,7.2,1.2,33.4
Pencok lele masakan,Lauk Pauk,372,7.8,36.3,3.5
Penyu serapah masakan,Lauk Pauk,174,13.1,12.2,2.2
Pepare ular segar,Lauk Pauk,19,0.6,0.1,3.9
Pepaya lodeh,Buah,275,11.6,11.6,30.2
Pepaya Muda,Buah,26,2.1,0.1,4.9
Pepaya segar,Buah,46,0.5,12.0,12.2
Pepea oncom ampas tahu,Lauk Pauk,76,5.2,1.8,10.6
Permen ,Makanan Ringan,400,0.0,0.0,95.0
Pete Segar,Lauk Pauk,142,10.4,2.0,22.0
Peterseli,Lauk Pauk,50,3.7,1.0,9.0
Petis Ikan,Lauk Pauk,161,20.0,0.2,24.0
Petis Udang,Lauk Pauk,220,15.0,0.1,40.0
Petis udang kering,Lauk Pauk,345,23.8,1.4,59.3
Petis udang pasta,Lauk Pauk,220,15.0,0.9,38.0
Pilus ,Lauk Pauk,514,1.0,27.8,647.0
Pinda masakan,Lauk Pauk,107,15.9,0.6,0.4
Pindang Ikan Banjar,Lauk Pauk,157,28.0,4.2,0.0
Pindang Ikan Benggol,Lauk Pauk,170,31.0,4.2,0.0
Pindang Ikan Layang,Lauk Pauk,153,30.0,2.8,0.0
Pindang Ikan Selar Kecil,Lauk Pauk,142,27.0,3.0,0.0
Pindang kenari masakan,Lauk Pauk,124,9.5,9.6,0.0
Pisang Ambon,Buah,99,1.2,0.2,25.8
Pisang angleng (pisang ampyang) segar,Buah,68,1.3,0.2,17.2
Pisang ayam segar,Lauk Pauk,120,1.1,0.2,26.8
Pisang gapi segar ,Buah,127,2.1,0.3,31.1
Pisang Goreng ,Buah,220,2.3,2.3,6.3
Pisang goroho segar,Buah,115,1.9,0.2,27.9
Pisang hijau segar,Buah,117,2.0,0.3,28.9
Pisang kayu segar,Buah,100,1.4,0.5,23.6
Pisang kepok segar,Buah,109,0.8,0.5,26.3
Pisang ketip segar,Buah,145,1.1,0.3,34.5
Pisang kidang segar,Buah,96,1.0,0.2,22.5
Pisang Lampung,Buah,99,1.3,0.2,25.6
Pisang Mas,Buah,127,1.4,0.2,33.6
Pisang mas bali,Buah,127,1.4,0.2,31.8
Pisang Oli,Buah,134,1.1,0.5,35.5
Pisang Raja,Buah,120,1.2,0.2,31.8
Pisang Raja Sere (Susu),Buah,118,1.2,0.2,31.1
Pisang rotan segar,Buah,98,1.3,1.2,20.5
Pisang Siam goreng,Buah,625,1.0,0.0,8.1
Pisang talas segar,Buah,113,1.2,0.2,26.7
Prey (bawang daun),Lauk Pauk,45,2.2,0.3,10.3
Pucuk lumai/daun leunca segar,Lauk Pauk,33,4.5,0.4,2.8
Pulut,Lauk Pauk,216,2.6,3.1,44.4
Punai daging goreng,Lauk Pauk,224,26.2,11.3,4.4
Pundut nasi,Makanan Pokok,104,1.9,4.1,15.1
Purundawa,Lauk Pauk,25,1.5,0.5,3.6
Purut segar,Lauk Pauk,76,4.1,1.1,15.2
Putri malu segar,Lauk Pauk,76,3.6,0.3,14.6
Putri selat,Lauk Pauk,163,2.2,6.5,23.8
Putu Mayang ,Lauk Pauk,200,1.0,2.4,43.8
Ragi,Lauk Pauk,136,43.0,2.4,3.0
Rajungan segar,Lauk Pauk,76,12.1,2.0,2.4
Rambutan,Lauk Pauk,69,0.9,0.1,18.1
Rambutan Aceh,Lauk Pauk,11,0.0,0.0,2.7
Rambutan binjai segar,Lauk Pauk,76,0.5,0.2,18.0
Rambutan sinyonya,Lauk Pauk,4,0.0,0.0,0.9
Rarawuan ,Lauk Pauk,295,7.3,8.5,47.5
Rasbi (Beras Ubi),Makanan Pokok,394,2.2,8.8,76.6
Rasi (Beras Singkong),Makanan Pokok,350,0.9,0.4,85.7
Rawon masakan,Lauk Pauk,60,5.4,2.5,4.0
Rebon (udang kecil segar),Lauk Pauk,81,16.2,1.2,0.7
Rebon kering,Lauk Pauk,299,29.4,3.6,3.2
Rebon udang kecil segar,Lauk Pauk,81,16.2,1.2,0.7
Rebung,Lauk Pauk,27,0.6,0.3,5.2
Rebung laut mentah,Lauk Pauk,320,7.2,4.2,63.3
Rempeyek kacang tolo,Lauk Pauk,451,11.2,20.2,59.7
Rempeyek kacang uci,Lauk Pauk,497,17.0,27.6,50.8
Rendang sapi masakan,Lauk Pauk,193,22.6,7.9,7.8
Renggi goreng,Lauk Pauk,471,4.7,21.8,64.1
Rimbang segar,Lauk Pauk,75,1.6,0.6,15.8
Risoles ,Lauk Pauk,335,5.3,3.5,70.5
Roti boong,Makanan Pokok,341,5.5,16.2,43.3
Roti Gambang ,Makanan Pokok,350,7.5,2.0,75.5
Roti Putih,Makanan Pokok,248,8.0,1.2,50.0
Roti warna sawo matang,Makanan Pokok,249,7.9,1.5,49.7
Rujak cingur,Lauk Pauk,153,11.3,8.4,8.0
Rumput laut,Lauk Pauk,41,1.4,0.3,8.1
Rusa daging dendeng mentah,Lauk Pauk,536,40.5,41.5,0.0
Rusip,Lauk Pauk,110,11.5,2.0,11.7
RW anjing masakan,Lauk Pauk,198,24.6,10.7,0.9
Saga biji tanpa kulit,Lauk Pauk,449,30.6,25.5,31.9
Sagu Ambon ,Lauk Pauk,338,0.6,0.3,83.1
Sagu aren kering,Lauk Pauk,355,0.6,1.1,85.6
Sagu aren segar,Lauk Pauk,231,0.6,0.2,56.6
Sagu forno,Lauk Pauk,291,0.5,4.0,63.4
Sagu kasbi segar,Lauk Pauk,230,0.6,0.2,56.5
Sagu Lemak (Kue Sagon),Makanan Ringan,452,2.8,14.8,76.8
Sagu lempeng,Lauk Pauk,347,0.9,0.3,85.2
Sagu Rendang,Lauk Pauk,364,0.1,0.2,90.5
Sagu singkong kering,Makanan Pokok,362,0.5,0.3,86.9
Sagu sinole,Lauk Pauk,354,0.8,8.3,68.9
Salak bali segar,Lauk Pauk,57,0.5,0.1,13.6
Salak medan segar,Lauk Pauk,55,0.4,0.2,12.8
Salak pondoh segar,Lauk Pauk,87,0.8,0.4,20.1
Sale pisang siam,Buah,281,2.4,0.7,66.1
Santan (dengan air),Lauk Pauk,122,2.0,10.0,7.6
Santan (kelapa saja),Lauk Pauk,324,4.2,34.3,55.6
Santan murni,Lauk Pauk,324,4.2,34.3,5.6
Saos Tomat,Lauk Pauk,98,2.0,0.4,24.5
Sapi abon,Lauk Pauk,212,18.0,10.6,59.3
Sapi babat segar,Lauk Pauk,108,17.6,4.2,0.0
Sapi daging asap,Lauk Pauk,182,32.0,6.0,0.0
Sapi daging dendeng mentah,Lauk Pauk,301,55.0,9.0,0.0
Sapi daging gemuk segar,Lauk Pauk,273,17.5,22.0,0.0
Sapi daging kornet,Lauk Pauk,289,16.0,25.0,0.0
Sapi daging kurus segar,Lauk Pauk,174,19.6,10.0,0.0
Sapi daging lemak sedang segar,Lauk Pauk,201,18.8,14.0,0.0
Sapi daging sosis (Worst),Lauk Pauk,448,14.5,42.3,2.3
Sapi daleman segar,Lauk Pauk,183,12.0,14.4,1.4
Sapi dideh/darah,Lauk Pauk,98,21.9,1.1,0.0
Sapi ginjal segar,Lauk Pauk,137,15.0,8.1,0.9
Sapi hati sosis (liverworst),Lauk Pauk,274,16.0,22.0,3.0
Sapi keleponan segar,Lauk Pauk,84,10.5,4.6,0.2
Sapi liver segar,Lauk Pauk,132,19.7,3.2,6.0
Sapi otak segar,Lauk Pauk,123,10.4,8.6,0.8
Sapi paru dendeng mentah,Lauk Pauk,360,57.3,6.0,19.2
Sapi paru goreng,Lauk Pauk,268,23.9,12.7,14.5
Sapi usus segar,Lauk Pauk,126,14.0,7.2,1.5
Sarang Burung,Lauk Pauk,281,37.5,0.3,32.1
Sardines dalam kaleng,Lauk Pauk,338,21.1,27.0,1.0
Sari Kedelai bubuk,Lauk Pauk,344,30.0,20.0,43.0
Sarimuka,Lauk Pauk,166,2.3,2.8,32.9
Sate Bandeng,Lauk Pauk,283,12.1,16.8,20.9
Sate Kulit ,Lauk Pauk,110,15.5,0.5,11.5
Sate penyu masakan,Lauk Pauk,179,22.5,3.5,13.3
Sate pusut masakan,Lauk Pauk,274,12.9,18.6,13.6
Sate Usus ,Lauk Pauk,126,14.0,7.3,1.3
Sawi,Sayur Mayur,22,2.3,0.3,4.0
Sawi putih / pecai segar,Sayur Mayur,9,1.0,0.1,1.7
Sawi taiwan segar,Sayur Mayur,30,1.9,0.5,4.4
Sawi tanah segar,Sayur Mayur,19,1.3,0.2,2.9
Sawo,Lauk Pauk,92,0.5,1.1,22.4
Sawo duren segar,Lauk Pauk,64,1.0,3.1,8.0
Sawo kecik segar,Lauk Pauk,111,0.9,2.3,21.6
Sawo Manila segar,Lauk Pauk,92,0.5,1.1,22.4
Sayur asem,Sayur Mayur,29,0.7,0.6,5.0
Sayur bunga pepaya,Sayur Mayur,49,1.7,0.3,9.8
Sayur garu,Sayur Mayur,178,2.6,13.9,10.6
Sayur kohu-kohu,Sayur Mayur,133,7.3,6.6,11.2
Sayur lebui,Sayur Mayur,64,2.1,0.6,12.5
Sayur lilin-terubuk,Sayur Mayur,36,2.7,0.7,4.8
Sayur ndusuk,Sayur Mayur,49,3.1,2.5,3.6
Sayur sop,Sayur Mayur,27,1.3,2.0,1.0
Sayur umbut kelapa,Sayur Mayur,67,5.2,2.9,5.1
Sayur umbut rotan,Sayur Mayur,57,5.4,2.6,3.1
Selada,Sayur Mayur,15,1.2,0.2,2.9
Selada Air,Sayur Mayur,17,1.7,0.3,3.0
Selada Air rebus,Sayur Mayur,19,2.7,0.2,2.9
Seledri,Lauk Pauk,20,1.0,0.1,4.6
Semangka,Lauk Pauk,28,0.5,0.2,6.9
Semur Jengkol ,Sayur Mayur,192,4.5,6.0,30.3
Sente,Lauk Pauk,64,0.6,0.3,14.8
Sente talas segar,Lauk Pauk,353,0.7,0.2,84.7
Sepi masakan,Lauk Pauk,88,7.9,1.6,10.6
Serbuk Coklat,Makanan Ringan,298,8.0,23.8,48.9
Serimping talas kebumen,Lauk Pauk,478,2.5,21.2,69.2
Setrup sirup,Lauk Pauk,213,0.0,0.0,55.0
Shabu-shabu,Lauk Pauk,88,3.2,8.0,0.8
Sie reuboh masakan,Lauk Pauk,474,11.2,42.5,11.7
Singkah (rotan muda),Lauk Pauk,81,5.1,4.5,5.1
Singkong Goreng ,Makanan Pokok,285,1.0,18.0,28.0
Singkong kukus,Makanan Pokok,146,1.2,0.3,34.7
Singkong tape,Makanan Pokok,173,0.5,0.1,42.5
Siomay ,Lauk Pauk,95,4.4,2.2,14.4
Sirsak,Lauk Pauk,65,1.0,0.3,16.3
Sirup,Lauk Pauk,213,0.0,0.0,55.0
Sop buntut masakan,Lauk Pauk,71,7.5,3.6,2.2
Sop daging sapi masakan,Lauk Pauk,49,5.8,0.5,5.3
Sop kaki sapi masakan,Lauk Pauk,68,9.0,1.9,3.7
Sop kambing masakan,Lauk Pauk,34,5.5,0.8,1.1
Sop konro masakan,Lauk Pauk,71,7.4,2.6,4.5
Sop Kool,Lauk Pauk,12,0.5,0.1,2.0
Sop Kool dan Wortel,Sayur Mayur,15,0.6,0.1,3.1
Sop saudara masakan,Lauk Pauk,89,7.2,5.0,3.9
Soto bandung masakan,Lauk Pauk,42,3.9,1.7,2.8
Soto banjar masakan,Lauk Pauk,110,2.9,9.5,3.2
Soto betawi masakan,Lauk Pauk,135,2.5,8.8,11.5
Soto dengan Daging,Lauk Pauk,127,2.6,9.4,8.3
Soto jeroan masakan,Lauk Pauk,92,11.8,4.3,1.4
Soto kudus masakan,Lauk Pauk,38,2.6,2.3,1.8
Soto madura masakan,Lauk Pauk,60,3.5,4.5,1.3
Soto padang masakan,Lauk Pauk,127,5.9,6.6,11.0
Soto pekalongan masakan,Lauk Pauk,94,3.0,6.8,5.1
Soto pemalang masakan,Lauk Pauk,75,3.6,5.2,3.5
Soto sukaraja masakan,Lauk Pauk,80,3.2,3.5,9.0
Soto sulung masakan,Lauk Pauk,86,2.3,8.5,0.0
Soto tanpa Daging ,Lauk Pauk,117,0.4,8.6,9.6
Spaghetti,Lauk Pauk,139,7.4,2.1,22.6
Srikaya,Lauk Pauk,101,1.7,0.6,35.2
Sukiyaki masakan,Lauk Pauk,75,5.6,0.4,12.2
Sukun muda segar,Lauk Pauk,119,1.4,0.2,28.1
Sukun tua segar,Lauk Pauk,126,1.6,0.2,24.5
Susu asam untuk bayi bubuk,Lauk Pauk,418,19.0,9.0,65.5
Susu bubuk,Lauk Pauk,513,24.6,30.0,36.2
Susu Kambing,Lauk Pauk,64,4.3,2.3,6.6
Susu Kedelai,Lauk Pauk,41,3.5,2.5,5.0
Susu Kental Manis,Lauk Pauk,336,8.2,10.0,55.0
Susu Kental Tak Manis,Lauk Pauk,138,7.0,7.9,9.9
Susu Kerbau,Lauk Pauk,160,6.3,12.0,7.1
Susu Sapi,Lauk Pauk,61,3.2,3.5,4.3
Susu Skim (tak berlemak),Lauk Pauk,36,3.5,0.1,5.1
Susu skim bubuk,Lauk Pauk,359,35.6,1.0,52.0
Susu skim segar,Lauk Pauk,36,3.5,0.1,5.1
Susupan,Lauk Pauk,87,5.3,5.2,6.3
Suweg kukus,Lauk Pauk,90,1.5,0.1,21.9
Suweg mentah,Lauk Pauk,69,1.0,0.1,15.7
Suweg talas segar,Lauk Pauk,74,1.4,0.1,17.2
Suwir-suwir,Lauk Pauk,347,0.5,0.9,84.2
Tahu,Lauk Pauk,68,7.8,4.6,1.6
Tahu goreng,Lauk Pauk,115,9.7,8.5,2.5
Tahu telur,Lauk Pauk,328,12.6,19.9,24.6
Takwa,Lauk Pauk,148,13.8,8.5,4.0
Talas bogor kukus,Lauk Pauk,120,1.5,0.3,28.2
Talas pontianak segar,Lauk Pauk,163,2.3,0.5,36.4
Talas viqueque segar,Lauk Pauk,115,1.8,0.5,25.9
Tales kukus,Lauk Pauk,120,1.5,0.3,28.2
Tales mentah,Lauk Pauk,98,1.9,0.2,23.7
Taoco,Lauk Pauk,166,10.4,4.9,24.1
Taoge goreng,Lauk Pauk,88,3.2,2.1,14.0
Taoge kacang kedelai segar,Lauk Pauk,76,9.0,2.6,6.4
Taoge seduh,Lauk Pauk,28,3.0,0.8,4.0
Taoge segar,Lauk Pauk,34,3.7,1.2,4.3
Taokoa,Lauk Pauk,104,12.9,6.8,1.2
Tapai beras,Makanan Pokok,99,1.7,0.3,22.4
Tapai ketan hitam,Lauk Pauk,166,3.8,1.0,34.4
Tapai ketan putih,Lauk Pauk,172,3.0,0.5,37.5
Tapai singkong,Makanan Pokok,169,1.4,0.3,40.2
Tauco cap DAS cake,Lauk Pauk,358,7.5,4.3,70.4
Tauji cap singa,Lauk Pauk,277,9.1,4.7,49.6
Tebu Terubuk,Lauk Pauk,25,4.6,0.4,3.0
Tedong pallu basa masakan,Lauk Pauk,83,10.4,3.4,2.8
Teh,Lauk Pauk,132,19.5,0.7,67.8
Teh hijau daun kering,Lauk Pauk,300,28.3,4.8,53.6
Teh melati daun kering,Lauk Pauk,299,24.1,3.5,59.0
Tekokak,Lauk Pauk,34,2.0,0.1,7.9
Tekokak kering,Lauk Pauk,294,8.3,1.7,72.6
Tekwan,Lauk Pauk,53,1.9,0.9,9.4
Telur Ayam,Lauk Pauk,162,12.8,11.5,0.7
Telur Ayam bagian kuning,Lauk Pauk,361,19.3,31.9,0.7
Telur Ayam bagian putih,Lauk Pauk,50,10.8,0.0,0.8
Telur Ayam ceplok,Lauk Pauk,383,15.1,32.9,8.3
Telur Ayam dadar,Lauk Pauk,251,16.3,19.4,1.4
Telur ayam kampung ,Lauk Pauk,179,13.6,13.3,4.4
Telur bebek bagian kuning segar,Lauk Pauk,386,17.0,35.0,0.8
Telur Bebek bagian putih,Lauk Pauk,54,11.0,0.0,0.8
Telur bebek bagian putih segar,Lauk Pauk,54,11.0,0.0,0.8
Telur Bebek ceplok,Lauk Pauk,320,15.1,30.5,0.9
Telur Bebek dadar,Lauk Pauk,301,20.0,23.7,0.0
Telur bebek tambak segar,Lauk Pauk,187,10.9,12.4,7.9
Telur Bebek telur asin,Lauk Pauk,195,13.6,13.6,1.4
Telur burung puyuh segar,Lauk Pauk,116,10.7,7.0,1.6
Telur Penyu,Lauk Pauk,144,12.0,10.2,0.0
Telur Terubuk,Lauk Pauk,425,31.0,28.0,10.0
Tempe bongkrek,Lauk Pauk,119,4.4,3.5,18.3
Tempe Gembus,Lauk Pauk,73,5.7,1.3,4.2
Tempe gembus yogya,Lauk Pauk,76,6.8,0.7,10.6
Tempe Goreng ,Lauk Pauk,328,18.4,23.2,12.8
Tempe kacang babi,Lauk Pauk,139,12.5,0.8,21.9
Tempe kacang belimbing,Lauk Pauk,212,17.5,10.0,12.9
Tempe kedelai + jagung,Makanan Pokok,143,12.0,5.5,11.4
Tempe kedelai murni goreng,Lauk Pauk,350,24.5,26.6,10.4
Tempe kedelai murni mentah,Lauk Pauk,201,20.8,8.8,13.5
Tempe koro benguk,Lauk Pauk,141,10.2,1.3,23.2
Tempe lamtoro var. gung dengan kulit,Lauk Pauk,146,11.7,2.3,19.6
Tempe lamtoro var. gung tanpa kulit,Lauk Pauk,131,18.0,0.8,13.0
Tempe pasar segar,Lauk Pauk,150,14.0,7.7,9.1
Tempe pasar goreng,Lauk Pauk,336,20.0,28.0,7.8
Tempe Sayur ,Sayur Mayur,240,6.0,2.7,49.3
Tempoya,Lauk Pauk,110,1.7,1.3,21.9
Tempuyak,Lauk Pauk,126,1.1,2.2,25.7
Tepung Arrowroot,Lauk Pauk,355,0.7,0.2,85.2
Tepung Beras,Makanan Pokok,364,7.0,0.5,80.0
Tepung beras mentah,Makanan Pokok,353,7.0,0.5,80.0
Tepung Ganyong,Lauk Pauk,353,0.8,1.7,83.6
Tepung Gaplek,Lauk Pauk,363,1.1,0.5,88.2
Tepung Garut (arrowroot),Lauk Pauk,355,0.7,0.2,85.2
Tepung Hunkwee,Lauk Pauk,364,4.5,1.0,83.5
Tepung Ikan,Lauk Pauk,316,60.1,6.5,22.4
Tepung Jagung Kuning,Makanan Pokok,355,9.2,3.9,73.7
Tepung jagung putih,Makanan Pokok,355,9.2,3.9,73.7
Tepung Jalejo,Lauk Pauk,388,19.0,7.5,61.2
Tepung Kacang Kedelai,Lauk Pauk,347,35.9,20.6,29.9
Tepung Kentang,Makanan Pokok,347,0.3,0.1,85.6
Tepung Mocaf,Lauk Pauk,350,1.2,0.6,85.0
Tepung Pisang,Buah,338,2.9,0.4,80.6
Tepung Sagu,Lauk Pauk,353,0.7,0.2,84.7
Tepung Sente,Lauk Pauk,326,4.0,0.4,76.7
Tepung singkong/ Tapioka,Makanan Pokok,363,1.1,0.5,88.2
Tepung Sukun,Lauk Pauk,353,2.9,0.5,84.4
Tepung Susu,Lauk Pauk,509,24.6,30.0,36.2
Tepung Susu Asam untuk bayi,Lauk Pauk,418,19.0,9.0,65.5
Tepung Susu Skim,Lauk Pauk,362,35.6,1.0,52.0
Tepung Tales Beneng,Lauk Pauk,332,5.7,0.6,76.1
Tepung Terigu,Lauk Pauk,365,8.9,1.3,77.3
Tepung Ubi Ungu,Makanan Pokok,354,2.8,0.6,84.4
Terasi,Lauk Pauk,155,22.3,2.9,9.9
Terasi dobo,Lauk Pauk,191,33.1,3.6,6.6
Terasi Merah,Lauk Pauk,174,30.0,3.5,3.5
Terasi merah,Lauk Pauk,174,30.0,3.5,5.6
Teri balado masakan,Lauk Pauk,365,23.7,22.3,17.5
Teripang dendeng mentah,Lauk Pauk,462,39.1,32.4,3.5
Terong,Lauk Pauk,24,1.1,0.2,5.5
Terong + Oncom makanan,Lauk Pauk,285,4.3,25.7,9.5
Terong Asam,Lauk Pauk,39,2.3,1.9,2.0
Terong Belanda,Lauk Pauk,48,1.5,0.3,11.3
Terong hintalo segar,Lauk Pauk,45,1.9,0.8,7.5
Terong kukus,Lauk Pauk,23,1.8,0.1,4.9
Terong segar,Lauk Pauk,28,1.1,0.2,5.5
Terung belanda segar,Lauk Pauk,52,2.1,1.1,8.6
Terung bengkulu segar,Lauk Pauk,52,1.1,0.4,11.2
Terung panjang,Lauk Pauk,25,2.1,0.1,5.3
Terung panjang kukus,Lauk Pauk,23,1.8,0.1,4.9
Tespong daun,Lauk Pauk,59,2.9,0.3,13.9
Tim (nasi tim),Makanan Pokok,120,2.4,0.4,26.0
Tinira ninahu nggaluku,Lauk Pauk,33,1.2,1.3,4.1
Tinoransak masakan,Lauk Pauk,516,17.7,49.5,0.0
Tipa-tipa,Lauk Pauk,355,6.2,1.2,79.8
Tiwul  ,Lauk Pauk,353,2.4,1.1,83.4
Tiwul Instan,Lauk Pauk,395,3.2,8.5,76.5
Toge -Tahu makanan,Sayur Mayur,392,5.4,28.5,28.4
Toge Goreng ,Sayur Mayur,93,4.4,1.8,15.1
Toge kacang ijo,Sayur Mayur,23,2.9,0.2,4.1
Toge kacang tunggak,Sayur Mayur,35,5.0,0.2,5.8
Toge kedelai,Sayur Mayur,67,9.0,2.6,6.4
Toge seduh,Sayur Mayur,28,3.0,0.8,4.0
Tomat air (juice) segar,Lauk Pauk,20,1.0,0.2,3.5
Tomat Masak,Lauk Pauk,20,1.0,0.3,4.2
Tomat merah segar,Lauk Pauk,24,1.3,0.5,4.7
Tomat muda segar,Lauk Pauk,24,2.0,0.7,3.3
Tumis bandeng,Lauk Pauk,189,11.3,15.7,0.6
Tumis bayam bersantan,Lauk Pauk,48,1.4,4.2,2.6
Ubi Cilembu,Makanan Pokok,186,1.9,0.2,44.3
Ubi Jalar Goreng ,Makanan Pokok,160,3.7,1.3,55.3
Ubi jalar kuning kukus,Makanan Pokok,100,0.7,0.3,23.8
Ubi jalar kuning segar,Makanan Pokok,119,0.5,0.4,25.1
Ubi jalar manis segar,Makanan Pokok,83,1.5,0.2,18.8
Ubi Jalar Merah,Makanan Pokok,123,1.8,0.7,27.9
Ubi jalar merah segar,Makanan Pokok,151,1.6,0.3,35.4
Ubi Jalar Putih,Makanan Pokok,123,1.8,0.7,27.9
Ubi Jalar Rebus,Makanan Pokok,114,1.4,9.6,25.6
Ubi Jalar Sayur,Makanan Pokok,184,1.4,0.3,22.5
Ubi jalar tinta/ kemayung,Makanan Pokok,108,0.5,0.4,25.6
Ubi jalar tinta/ kemayung kukus,Makanan Pokok,165,0.9,0.2,39.8
Uceng/ bunga melinjo segar,Lauk Pauk,82,5.8,1.3,11.7
Udang besar segar,Lauk Pauk,56,11.4,0.6,1.2
Udang galah segar,Lauk Pauk,81,16.5,0.3,3.0
Udang kering,Lauk Pauk,295,62.4,2.3,1.8
Udang kering mentah,Lauk Pauk,278,62.6,4.1,2.2
Udang papay mentah,Lauk Pauk,273,47.8,3.8,12.5
Udang segar,Lauk Pauk,91,21.0,0.2,0.1
Ulat sagu panggang,Lauk Pauk,380,11.9,30.3,14.9
Ulat sagu segar,Lauk Pauk,241,5.8,21.6,5.8
Umbi Uwi segar,Lauk Pauk,120,2.8,0.5,82.3
Umbut rotan,Lauk Pauk,34,2.4,0.3,5.5
Usus Sapi,Lauk Pauk,130,14.0,7.2,1.5
Uwi,Lauk Pauk,101,2.0,0.2,19.8
Vermicelli,Lauk Pauk,363,8.7,0.4,78.7
Wajit camilan,Lauk Pauk,303,6.3,2.7,63.3
Waluh balamak,Lauk Pauk,45,0.8,0.9,8.1
Widaran,Lauk Pauk,424,1.3,10.7,80.7
Wijen,Lauk Pauk,568,19.3,51.1,18.1
Wingko babat,Lauk Pauk,355,3.2,15.1,51.4
Woku ubi,Makanan Pokok,143,3.1,7.8,15.0
Worst (sosis daging),Lauk Pauk,452,14.5,42.3,2.3
Wortel Segar,Sayur Mayur,42,1.2,0.6,9.3
Wortel kukus,Sayur Mayur,37,1.0,0.6,8.3
Wortel rebus,Sayur Mayur,28,0.7,0.5,6.3
Yangko,Lauk Pauk,254,3.0,1.1,58.1
Yoghurt,Lauk Pauk,52,3.3,2.5,4.0
